x	y	key	showSelected2	showSelected3	showSelected4	PANEL
1	0	1 0	1	0	OPART	1
2	0	2 0	2	0	OPART	1
2	1	2 1	2	1	OPART	1
3	0	3 0	3	0	OPART	1
3	1	3 1	3	1	OPART	1
3	2	3 2	3	2	OPART	1
4	0	4 0	4	0	OPART	1
4	1	4 1	4	1	OPART	1
4	2	4 2	4	2	OPART	1
4	3	4 3	4	3	OPART	1
5	0	5 0	5	0	OPART	1
5	1	5 1	5	1	OPART	1
5	2	5 2	5	2	OPART	1
5	3	5 3	5	3	OPART	1
5	4	5 4	5	4	OPART	1
6	0	6 0	6	0	OPART	1
6	1	6 1	6	1	OPART	1
6	2	6 2	6	2	OPART	1
6	3	6 3	6	3	OPART	1
6	4	6 4	6	4	OPART	1
6	5	6 5	6	5	OPART	1
7	0	7 0	7	0	OPART	1
7	1	7 1	7	1	OPART	1
7	2	7 2	7	2	OPART	1
7	3	7 3	7	3	OPART	1
7	4	7 4	7	4	OPART	1
7	5	7 5	7	5	OPART	1
7	6	7 6	7	6	OPART	1
8	0	8 0	8	0	OPART	1
8	1	8 1	8	1	OPART	1
8	2	8 2	8	2	OPART	1
8	3	8 3	8	3	OPART	1
8	4	8 4	8	4	OPART	1
8	5	8 5	8	5	OPART	1
8	6	8 6	8	6	OPART	1
8	7	8 7	8	7	OPART	1
9	0	9 0	9	0	OPART	1
9	1	9 1	9	1	OPART	1
9	2	9 2	9	2	OPART	1
9	3	9 3	9	3	OPART	1
9	4	9 4	9	4	OPART	1
9	5	9 5	9	5	OPART	1
9	6	9 6	9	6	OPART	1
9	7	9 7	9	7	OPART	1
9	8	9 8	9	8	OPART	1
10	0	10 0	10	0	OPART	1
10	1	10 1	10	1	OPART	1
10	2	10 2	10	2	OPART	1
10	3	10 3	10	3	OPART	1
10	4	10 4	10	4	OPART	1
10	5	10 5	10	5	OPART	1
10	6	10 6	10	6	OPART	1
10	7	10 7	10	7	OPART	1
10	8	10 8	10	8	OPART	1
10	9	10 9	10	9	OPART	1
11	0	11 0	11	0	OPART	1
11	1	11 1	11	1	OPART	1
11	2	11 2	11	2	OPART	1
11	3	11 3	11	3	OPART	1
11	4	11 4	11	4	OPART	1
11	5	11 5	11	5	OPART	1
11	6	11 6	11	6	OPART	1
11	7	11 7	11	7	OPART	1
11	8	11 8	11	8	OPART	1
11	9	11 9	11	9	OPART	1
11	10	11 10	11	10	OPART	1
12	0	12 0	12	0	OPART	1
12	1	12 1	12	1	OPART	1
12	2	12 2	12	2	OPART	1
12	3	12 3	12	3	OPART	1
12	4	12 4	12	4	OPART	1
12	5	12 5	12	5	OPART	1
12	6	12 6	12	6	OPART	1
12	7	12 7	12	7	OPART	1
12	8	12 8	12	8	OPART	1
12	9	12 9	12	9	OPART	1
12	10	12 10	12	10	OPART	1
12	11	12 11	12	11	OPART	1
13	0	13 0	13	0	OPART	1
13	1	13 1	13	1	OPART	1
13	2	13 2	13	2	OPART	1
13	3	13 3	13	3	OPART	1
13	4	13 4	13	4	OPART	1
13	5	13 5	13	5	OPART	1
13	6	13 6	13	6	OPART	1
13	7	13 7	13	7	OPART	1
13	8	13 8	13	8	OPART	1
13	9	13 9	13	9	OPART	1
13	10	13 10	13	10	OPART	1
13	11	13 11	13	11	OPART	1
13	12	13 12	13	12	OPART	1
14	0	14 0	14	0	OPART	1
14	1	14 1	14	1	OPART	1
14	2	14 2	14	2	OPART	1
14	3	14 3	14	3	OPART	1
14	4	14 4	14	4	OPART	1
14	5	14 5	14	5	OPART	1
14	6	14 6	14	6	OPART	1
14	7	14 7	14	7	OPART	1
14	8	14 8	14	8	OPART	1
14	9	14 9	14	9	OPART	1
14	10	14 10	14	10	OPART	1
14	11	14 11	14	11	OPART	1
14	12	14 12	14	12	OPART	1
14	13	14 13	14	13	OPART	1
15	0	15 0	15	0	OPART	1
15	1	15 1	15	1	OPART	1
15	2	15 2	15	2	OPART	1
15	3	15 3	15	3	OPART	1
15	4	15 4	15	4	OPART	1
15	5	15 5	15	5	OPART	1
15	6	15 6	15	6	OPART	1
15	7	15 7	15	7	OPART	1
15	8	15 8	15	8	OPART	1
15	9	15 9	15	9	OPART	1
15	10	15 10	15	10	OPART	1
15	11	15 11	15	11	OPART	1
15	12	15 12	15	12	OPART	1
15	13	15 13	15	13	OPART	1
15	14	15 14	15	14	OPART	1
16	0	16 0	16	0	OPART	1
16	1	16 1	16	1	OPART	1
16	2	16 2	16	2	OPART	1
16	3	16 3	16	3	OPART	1
16	4	16 4	16	4	OPART	1
16	5	16 5	16	5	OPART	1
16	6	16 6	16	6	OPART	1
16	7	16 7	16	7	OPART	1
16	8	16 8	16	8	OPART	1
16	9	16 9	16	9	OPART	1
16	10	16 10	16	10	OPART	1
16	11	16 11	16	11	OPART	1
16	12	16 12	16	12	OPART	1
16	13	16 13	16	13	OPART	1
16	14	16 14	16	14	OPART	1
16	15	16 15	16	15	OPART	1
17	0	17 0	17	0	OPART	1
17	1	17 1	17	1	OPART	1
17	2	17 2	17	2	OPART	1
17	3	17 3	17	3	OPART	1
17	4	17 4	17	4	OPART	1
17	5	17 5	17	5	OPART	1
17	6	17 6	17	6	OPART	1
17	7	17 7	17	7	OPART	1
17	8	17 8	17	8	OPART	1
17	9	17 9	17	9	OPART	1
17	10	17 10	17	10	OPART	1
17	11	17 11	17	11	OPART	1
17	12	17 12	17	12	OPART	1
17	13	17 13	17	13	OPART	1
17	14	17 14	17	14	OPART	1
17	15	17 15	17	15	OPART	1
17	16	17 16	17	16	OPART	1
18	0	18 0	18	0	OPART	1
18	1	18 1	18	1	OPART	1
18	2	18 2	18	2	OPART	1
18	3	18 3	18	3	OPART	1
18	4	18 4	18	4	OPART	1
18	5	18 5	18	5	OPART	1
18	6	18 6	18	6	OPART	1
18	7	18 7	18	7	OPART	1
18	8	18 8	18	8	OPART	1
18	9	18 9	18	9	OPART	1
18	10	18 10	18	10	OPART	1
18	11	18 11	18	11	OPART	1
18	12	18 12	18	12	OPART	1
18	13	18 13	18	13	OPART	1
18	14	18 14	18	14	OPART	1
18	15	18 15	18	15	OPART	1
18	16	18 16	18	16	OPART	1
18	17	18 17	18	17	OPART	1
19	0	19 0	19	0	OPART	1
19	1	19 1	19	1	OPART	1
19	2	19 2	19	2	OPART	1
19	3	19 3	19	3	OPART	1
19	4	19 4	19	4	OPART	1
19	5	19 5	19	5	OPART	1
19	6	19 6	19	6	OPART	1
19	7	19 7	19	7	OPART	1
19	8	19 8	19	8	OPART	1
19	9	19 9	19	9	OPART	1
19	10	19 10	19	10	OPART	1
19	11	19 11	19	11	OPART	1
19	12	19 12	19	12	OPART	1
19	13	19 13	19	13	OPART	1
19	14	19 14	19	14	OPART	1
19	15	19 15	19	15	OPART	1
19	16	19 16	19	16	OPART	1
19	17	19 17	19	17	OPART	1
19	18	19 18	19	18	OPART	1
20	0	20 0	20	0	OPART	1
20	1	20 1	20	1	OPART	1
20	2	20 2	20	2	OPART	1
20	3	20 3	20	3	OPART	1
20	4	20 4	20	4	OPART	1
20	5	20 5	20	5	OPART	1
20	6	20 6	20	6	OPART	1
20	7	20 7	20	7	OPART	1
20	8	20 8	20	8	OPART	1
20	9	20 9	20	9	OPART	1
20	10	20 10	20	10	OPART	1
20	11	20 11	20	11	OPART	1
20	12	20 12	20	12	OPART	1
20	13	20 13	20	13	OPART	1
20	14	20 14	20	14	OPART	1
20	15	20 15	20	15	OPART	1
20	16	20 16	20	16	OPART	1
20	17	20 17	20	17	OPART	1
20	18	20 18	20	18	OPART	1
20	19	20 19	20	19	OPART	1
21	0	21 0	21	0	OPART	1
21	1	21 1	21	1	OPART	1
21	2	21 2	21	2	OPART	1
21	3	21 3	21	3	OPART	1
21	4	21 4	21	4	OPART	1
21	5	21 5	21	5	OPART	1
21	6	21 6	21	6	OPART	1
21	7	21 7	21	7	OPART	1
21	8	21 8	21	8	OPART	1
21	9	21 9	21	9	OPART	1
21	10	21 10	21	10	OPART	1
21	11	21 11	21	11	OPART	1
21	12	21 12	21	12	OPART	1
21	13	21 13	21	13	OPART	1
21	14	21 14	21	14	OPART	1
21	15	21 15	21	15	OPART	1
21	16	21 16	21	16	OPART	1
21	17	21 17	21	17	OPART	1
21	18	21 18	21	18	OPART	1
21	19	21 19	21	19	OPART	1
21	20	21 20	21	20	OPART	1
22	0	22 0	22	0	OPART	1
22	1	22 1	22	1	OPART	1
22	2	22 2	22	2	OPART	1
22	3	22 3	22	3	OPART	1
22	4	22 4	22	4	OPART	1
22	5	22 5	22	5	OPART	1
22	6	22 6	22	6	OPART	1
22	7	22 7	22	7	OPART	1
22	8	22 8	22	8	OPART	1
22	9	22 9	22	9	OPART	1
22	10	22 10	22	10	OPART	1
22	11	22 11	22	11	OPART	1
22	12	22 12	22	12	OPART	1
22	13	22 13	22	13	OPART	1
22	14	22 14	22	14	OPART	1
22	15	22 15	22	15	OPART	1
22	16	22 16	22	16	OPART	1
22	17	22 17	22	17	OPART	1
22	18	22 18	22	18	OPART	1
22	19	22 19	22	19	OPART	1
22	20	22 20	22	20	OPART	1
22	21	22 21	22	21	OPART	1
23	0	23 0	23	0	OPART	1
23	1	23 1	23	1	OPART	1
23	2	23 2	23	2	OPART	1
23	3	23 3	23	3	OPART	1
23	4	23 4	23	4	OPART	1
23	5	23 5	23	5	OPART	1
23	6	23 6	23	6	OPART	1
23	7	23 7	23	7	OPART	1
23	8	23 8	23	8	OPART	1
23	9	23 9	23	9	OPART	1
23	10	23 10	23	10	OPART	1
23	11	23 11	23	11	OPART	1
23	12	23 12	23	12	OPART	1
23	13	23 13	23	13	OPART	1
23	14	23 14	23	14	OPART	1
23	15	23 15	23	15	OPART	1
23	16	23 16	23	16	OPART	1
23	17	23 17	23	17	OPART	1
23	18	23 18	23	18	OPART	1
23	19	23 19	23	19	OPART	1
23	20	23 20	23	20	OPART	1
23	21	23 21	23	21	OPART	1
23	22	23 22	23	22	OPART	1
24	0	24 0	24	0	OPART	1
24	1	24 1	24	1	OPART	1
24	2	24 2	24	2	OPART	1
24	3	24 3	24	3	OPART	1
24	4	24 4	24	4	OPART	1
24	5	24 5	24	5	OPART	1
24	6	24 6	24	6	OPART	1
24	7	24 7	24	7	OPART	1
24	8	24 8	24	8	OPART	1
24	9	24 9	24	9	OPART	1
24	10	24 10	24	10	OPART	1
24	11	24 11	24	11	OPART	1
24	12	24 12	24	12	OPART	1
24	13	24 13	24	13	OPART	1
24	14	24 14	24	14	OPART	1
24	15	24 15	24	15	OPART	1
24	16	24 16	24	16	OPART	1
24	17	24 17	24	17	OPART	1
24	18	24 18	24	18	OPART	1
24	19	24 19	24	19	OPART	1
24	20	24 20	24	20	OPART	1
24	21	24 21	24	21	OPART	1
24	22	24 22	24	22	OPART	1
24	23	24 23	24	23	OPART	1
25	0	25 0	25	0	OPART	1
25	1	25 1	25	1	OPART	1
25	2	25 2	25	2	OPART	1
25	3	25 3	25	3	OPART	1
25	4	25 4	25	4	OPART	1
25	5	25 5	25	5	OPART	1
25	6	25 6	25	6	OPART	1
25	7	25 7	25	7	OPART	1
25	8	25 8	25	8	OPART	1
25	9	25 9	25	9	OPART	1
25	10	25 10	25	10	OPART	1
25	11	25 11	25	11	OPART	1
25	12	25 12	25	12	OPART	1
25	13	25 13	25	13	OPART	1
25	14	25 14	25	14	OPART	1
25	15	25 15	25	15	OPART	1
25	16	25 16	25	16	OPART	1
25	17	25 17	25	17	OPART	1
25	18	25 18	25	18	OPART	1
25	19	25 19	25	19	OPART	1
25	20	25 20	25	20	OPART	1
25	21	25 21	25	21	OPART	1
25	22	25 22	25	22	OPART	1
25	23	25 23	25	23	OPART	1
25	24	25 24	25	24	OPART	1
26	0	26 0	26	0	OPART	1
26	1	26 1	26	1	OPART	1
26	2	26 2	26	2	OPART	1
26	3	26 3	26	3	OPART	1
26	4	26 4	26	4	OPART	1
26	5	26 5	26	5	OPART	1
26	6	26 6	26	6	OPART	1
26	7	26 7	26	7	OPART	1
26	8	26 8	26	8	OPART	1
26	9	26 9	26	9	OPART	1
26	10	26 10	26	10	OPART	1
26	11	26 11	26	11	OPART	1
26	12	26 12	26	12	OPART	1
26	13	26 13	26	13	OPART	1
26	14	26 14	26	14	OPART	1
26	15	26 15	26	15	OPART	1
26	16	26 16	26	16	OPART	1
26	17	26 17	26	17	OPART	1
26	18	26 18	26	18	OPART	1
26	19	26 19	26	19	OPART	1
26	20	26 20	26	20	OPART	1
26	21	26 21	26	21	OPART	1
26	22	26 22	26	22	OPART	1
26	23	26 23	26	23	OPART	1
26	24	26 24	26	24	OPART	1
26	25	26 25	26	25	OPART	1
27	0	27 0	27	0	OPART	1
27	1	27 1	27	1	OPART	1
27	2	27 2	27	2	OPART	1
27	3	27 3	27	3	OPART	1
27	4	27 4	27	4	OPART	1
27	5	27 5	27	5	OPART	1
27	6	27 6	27	6	OPART	1
27	7	27 7	27	7	OPART	1
27	8	27 8	27	8	OPART	1
27	9	27 9	27	9	OPART	1
27	10	27 10	27	10	OPART	1
27	11	27 11	27	11	OPART	1
27	12	27 12	27	12	OPART	1
27	13	27 13	27	13	OPART	1
27	14	27 14	27	14	OPART	1
27	15	27 15	27	15	OPART	1
27	16	27 16	27	16	OPART	1
27	17	27 17	27	17	OPART	1
27	18	27 18	27	18	OPART	1
27	19	27 19	27	19	OPART	1
27	20	27 20	27	20	OPART	1
27	21	27 21	27	21	OPART	1
27	22	27 22	27	22	OPART	1
27	23	27 23	27	23	OPART	1
27	24	27 24	27	24	OPART	1
27	25	27 25	27	25	OPART	1
27	26	27 26	27	26	OPART	1
28	0	28 0	28	0	OPART	1
28	1	28 1	28	1	OPART	1
28	2	28 2	28	2	OPART	1
28	3	28 3	28	3	OPART	1
28	4	28 4	28	4	OPART	1
28	5	28 5	28	5	OPART	1
28	6	28 6	28	6	OPART	1
28	7	28 7	28	7	OPART	1
28	8	28 8	28	8	OPART	1
28	9	28 9	28	9	OPART	1
28	10	28 10	28	10	OPART	1
28	11	28 11	28	11	OPART	1
28	12	28 12	28	12	OPART	1
28	13	28 13	28	13	OPART	1
28	14	28 14	28	14	OPART	1
28	15	28 15	28	15	OPART	1
28	16	28 16	28	16	OPART	1
28	17	28 17	28	17	OPART	1
28	18	28 18	28	18	OPART	1
28	19	28 19	28	19	OPART	1
28	20	28 20	28	20	OPART	1
28	21	28 21	28	21	OPART	1
28	22	28 22	28	22	OPART	1
28	23	28 23	28	23	OPART	1
28	24	28 24	28	24	OPART	1
28	25	28 25	28	25	OPART	1
28	26	28 26	28	26	OPART	1
28	27	28 27	28	27	OPART	1
29	0	29 0	29	0	OPART	1
29	1	29 1	29	1	OPART	1
29	2	29 2	29	2	OPART	1
29	3	29 3	29	3	OPART	1
29	4	29 4	29	4	OPART	1
29	5	29 5	29	5	OPART	1
29	6	29 6	29	6	OPART	1
29	7	29 7	29	7	OPART	1
29	8	29 8	29	8	OPART	1
29	9	29 9	29	9	OPART	1
29	10	29 10	29	10	OPART	1
29	11	29 11	29	11	OPART	1
29	12	29 12	29	12	OPART	1
29	13	29 13	29	13	OPART	1
29	14	29 14	29	14	OPART	1
29	15	29 15	29	15	OPART	1
29	16	29 16	29	16	OPART	1
29	17	29 17	29	17	OPART	1
29	18	29 18	29	18	OPART	1
29	19	29 19	29	19	OPART	1
29	20	29 20	29	20	OPART	1
29	21	29 21	29	21	OPART	1
29	22	29 22	29	22	OPART	1
29	23	29 23	29	23	OPART	1
29	24	29 24	29	24	OPART	1
29	25	29 25	29	25	OPART	1
29	26	29 26	29	26	OPART	1
29	27	29 27	29	27	OPART	1
29	28	29 28	29	28	OPART	1
30	0	30 0	30	0	OPART	1
30	1	30 1	30	1	OPART	1
30	2	30 2	30	2	OPART	1
30	3	30 3	30	3	OPART	1
30	4	30 4	30	4	OPART	1
30	5	30 5	30	5	OPART	1
30	6	30 6	30	6	OPART	1
30	7	30 7	30	7	OPART	1
30	8	30 8	30	8	OPART	1
30	9	30 9	30	9	OPART	1
30	10	30 10	30	10	OPART	1
30	11	30 11	30	11	OPART	1
30	12	30 12	30	12	OPART	1
30	13	30 13	30	13	OPART	1
30	14	30 14	30	14	OPART	1
30	15	30 15	30	15	OPART	1
30	16	30 16	30	16	OPART	1
30	17	30 17	30	17	OPART	1
30	18	30 18	30	18	OPART	1
30	19	30 19	30	19	OPART	1
30	20	30 20	30	20	OPART	1
30	21	30 21	30	21	OPART	1
30	22	30 22	30	22	OPART	1
30	23	30 23	30	23	OPART	1
30	24	30 24	30	24	OPART	1
30	25	30 25	30	25	OPART	1
30	26	30 26	30	26	OPART	1
30	27	30 27	30	27	OPART	1
30	28	30 28	30	28	OPART	1
30	29	30 29	30	29	OPART	1
31	0	31 0	31	0	OPART	1
31	1	31 1	31	1	OPART	1
31	2	31 2	31	2	OPART	1
31	3	31 3	31	3	OPART	1
31	4	31 4	31	4	OPART	1
31	5	31 5	31	5	OPART	1
31	6	31 6	31	6	OPART	1
31	7	31 7	31	7	OPART	1
31	8	31 8	31	8	OPART	1
31	9	31 9	31	9	OPART	1
31	10	31 10	31	10	OPART	1
31	11	31 11	31	11	OPART	1
31	12	31 12	31	12	OPART	1
31	13	31 13	31	13	OPART	1
31	14	31 14	31	14	OPART	1
31	15	31 15	31	15	OPART	1
31	16	31 16	31	16	OPART	1
31	17	31 17	31	17	OPART	1
31	18	31 18	31	18	OPART	1
31	19	31 19	31	19	OPART	1
31	20	31 20	31	20	OPART	1
31	21	31 21	31	21	OPART	1
31	22	31 22	31	22	OPART	1
31	23	31 23	31	23	OPART	1
31	24	31 24	31	24	OPART	1
31	25	31 25	31	25	OPART	1
31	26	31 26	31	26	OPART	1
31	27	31 27	31	27	OPART	1
31	28	31 28	31	28	OPART	1
31	29	31 29	31	29	OPART	1
31	30	31 30	31	30	OPART	1
32	0	32 0	32	0	OPART	1
32	1	32 1	32	1	OPART	1
32	2	32 2	32	2	OPART	1
32	3	32 3	32	3	OPART	1
32	4	32 4	32	4	OPART	1
32	5	32 5	32	5	OPART	1
32	6	32 6	32	6	OPART	1
32	7	32 7	32	7	OPART	1
32	8	32 8	32	8	OPART	1
32	9	32 9	32	9	OPART	1
32	10	32 10	32	10	OPART	1
32	11	32 11	32	11	OPART	1
32	12	32 12	32	12	OPART	1
32	13	32 13	32	13	OPART	1
32	14	32 14	32	14	OPART	1
32	15	32 15	32	15	OPART	1
32	16	32 16	32	16	OPART	1
32	17	32 17	32	17	OPART	1
32	18	32 18	32	18	OPART	1
32	19	32 19	32	19	OPART	1
32	20	32 20	32	20	OPART	1
32	21	32 21	32	21	OPART	1
32	22	32 22	32	22	OPART	1
32	23	32 23	32	23	OPART	1
32	24	32 24	32	24	OPART	1
32	25	32 25	32	25	OPART	1
32	26	32 26	32	26	OPART	1
32	27	32 27	32	27	OPART	1
32	28	32 28	32	28	OPART	1
32	29	32 29	32	29	OPART	1
32	30	32 30	32	30	OPART	1
32	31	32 31	32	31	OPART	1
33	0	33 0	33	0	OPART	1
33	1	33 1	33	1	OPART	1
33	2	33 2	33	2	OPART	1
33	3	33 3	33	3	OPART	1
33	4	33 4	33	4	OPART	1
33	5	33 5	33	5	OPART	1
33	6	33 6	33	6	OPART	1
33	7	33 7	33	7	OPART	1
33	8	33 8	33	8	OPART	1
33	9	33 9	33	9	OPART	1
33	10	33 10	33	10	OPART	1
33	11	33 11	33	11	OPART	1
33	12	33 12	33	12	OPART	1
33	13	33 13	33	13	OPART	1
33	14	33 14	33	14	OPART	1
33	15	33 15	33	15	OPART	1
33	16	33 16	33	16	OPART	1
33	17	33 17	33	17	OPART	1
33	18	33 18	33	18	OPART	1
33	19	33 19	33	19	OPART	1
33	20	33 20	33	20	OPART	1
33	21	33 21	33	21	OPART	1
33	22	33 22	33	22	OPART	1
33	23	33 23	33	23	OPART	1
33	24	33 24	33	24	OPART	1
33	25	33 25	33	25	OPART	1
33	26	33 26	33	26	OPART	1
33	27	33 27	33	27	OPART	1
33	28	33 28	33	28	OPART	1
33	29	33 29	33	29	OPART	1
33	30	33 30	33	30	OPART	1
33	31	33 31	33	31	OPART	1
33	32	33 32	33	32	OPART	1
34	0	34 0	34	0	OPART	1
34	1	34 1	34	1	OPART	1
34	2	34 2	34	2	OPART	1
34	3	34 3	34	3	OPART	1
34	4	34 4	34	4	OPART	1
34	5	34 5	34	5	OPART	1
34	6	34 6	34	6	OPART	1
34	7	34 7	34	7	OPART	1
34	8	34 8	34	8	OPART	1
34	9	34 9	34	9	OPART	1
34	10	34 10	34	10	OPART	1
34	11	34 11	34	11	OPART	1
34	12	34 12	34	12	OPART	1
34	13	34 13	34	13	OPART	1
34	14	34 14	34	14	OPART	1
34	15	34 15	34	15	OPART	1
34	16	34 16	34	16	OPART	1
34	17	34 17	34	17	OPART	1
34	18	34 18	34	18	OPART	1
34	19	34 19	34	19	OPART	1
34	20	34 20	34	20	OPART	1
34	21	34 21	34	21	OPART	1
34	22	34 22	34	22	OPART	1
34	23	34 23	34	23	OPART	1
34	24	34 24	34	24	OPART	1
34	25	34 25	34	25	OPART	1
34	26	34 26	34	26	OPART	1
34	27	34 27	34	27	OPART	1
34	28	34 28	34	28	OPART	1
34	29	34 29	34	29	OPART	1
34	30	34 30	34	30	OPART	1
34	31	34 31	34	31	OPART	1
34	32	34 32	34	32	OPART	1
34	33	34 33	34	33	OPART	1
35	0	35 0	35	0	OPART	1
35	1	35 1	35	1	OPART	1
35	2	35 2	35	2	OPART	1
35	3	35 3	35	3	OPART	1
35	4	35 4	35	4	OPART	1
35	5	35 5	35	5	OPART	1
35	6	35 6	35	6	OPART	1
35	7	35 7	35	7	OPART	1
35	8	35 8	35	8	OPART	1
35	9	35 9	35	9	OPART	1
35	10	35 10	35	10	OPART	1
35	11	35 11	35	11	OPART	1
35	12	35 12	35	12	OPART	1
35	13	35 13	35	13	OPART	1
35	14	35 14	35	14	OPART	1
35	15	35 15	35	15	OPART	1
35	16	35 16	35	16	OPART	1
35	17	35 17	35	17	OPART	1
35	18	35 18	35	18	OPART	1
35	19	35 19	35	19	OPART	1
35	20	35 20	35	20	OPART	1
35	21	35 21	35	21	OPART	1
35	22	35 22	35	22	OPART	1
35	23	35 23	35	23	OPART	1
35	24	35 24	35	24	OPART	1
35	25	35 25	35	25	OPART	1
35	26	35 26	35	26	OPART	1
35	27	35 27	35	27	OPART	1
35	28	35 28	35	28	OPART	1
35	29	35 29	35	29	OPART	1
35	30	35 30	35	30	OPART	1
35	31	35 31	35	31	OPART	1
35	32	35 32	35	32	OPART	1
35	33	35 33	35	33	OPART	1
35	34	35 34	35	34	OPART	1
36	0	36 0	36	0	OPART	1
36	1	36 1	36	1	OPART	1
36	2	36 2	36	2	OPART	1
36	3	36 3	36	3	OPART	1
36	4	36 4	36	4	OPART	1
36	5	36 5	36	5	OPART	1
36	6	36 6	36	6	OPART	1
36	7	36 7	36	7	OPART	1
36	8	36 8	36	8	OPART	1
36	9	36 9	36	9	OPART	1
36	10	36 10	36	10	OPART	1
36	11	36 11	36	11	OPART	1
36	12	36 12	36	12	OPART	1
36	13	36 13	36	13	OPART	1
36	14	36 14	36	14	OPART	1
36	15	36 15	36	15	OPART	1
36	16	36 16	36	16	OPART	1
36	17	36 17	36	17	OPART	1
36	18	36 18	36	18	OPART	1
36	19	36 19	36	19	OPART	1
36	20	36 20	36	20	OPART	1
36	21	36 21	36	21	OPART	1
36	22	36 22	36	22	OPART	1
36	23	36 23	36	23	OPART	1
36	24	36 24	36	24	OPART	1
36	25	36 25	36	25	OPART	1
36	26	36 26	36	26	OPART	1
36	27	36 27	36	27	OPART	1
36	28	36 28	36	28	OPART	1
36	29	36 29	36	29	OPART	1
36	30	36 30	36	30	OPART	1
36	31	36 31	36	31	OPART	1
36	32	36 32	36	32	OPART	1
36	33	36 33	36	33	OPART	1
36	34	36 34	36	34	OPART	1
36	35	36 35	36	35	OPART	1
37	0	37 0	37	0	OPART	1
37	1	37 1	37	1	OPART	1
37	2	37 2	37	2	OPART	1
37	3	37 3	37	3	OPART	1
37	4	37 4	37	4	OPART	1
37	5	37 5	37	5	OPART	1
37	6	37 6	37	6	OPART	1
37	7	37 7	37	7	OPART	1
37	8	37 8	37	8	OPART	1
37	9	37 9	37	9	OPART	1
37	10	37 10	37	10	OPART	1
37	11	37 11	37	11	OPART	1
37	12	37 12	37	12	OPART	1
37	13	37 13	37	13	OPART	1
37	14	37 14	37	14	OPART	1
37	15	37 15	37	15	OPART	1
37	16	37 16	37	16	OPART	1
37	17	37 17	37	17	OPART	1
37	18	37 18	37	18	OPART	1
37	19	37 19	37	19	OPART	1
37	20	37 20	37	20	OPART	1
37	21	37 21	37	21	OPART	1
37	22	37 22	37	22	OPART	1
37	23	37 23	37	23	OPART	1
37	24	37 24	37	24	OPART	1
37	25	37 25	37	25	OPART	1
37	26	37 26	37	26	OPART	1
37	27	37 27	37	27	OPART	1
37	28	37 28	37	28	OPART	1
37	29	37 29	37	29	OPART	1
37	30	37 30	37	30	OPART	1
37	31	37 31	37	31	OPART	1
37	32	37 32	37	32	OPART	1
37	33	37 33	37	33	OPART	1
37	34	37 34	37	34	OPART	1
37	35	37 35	37	35	OPART	1
37	36	37 36	37	36	OPART	1
38	0	38 0	38	0	OPART	1
38	1	38 1	38	1	OPART	1
38	2	38 2	38	2	OPART	1
38	3	38 3	38	3	OPART	1
38	4	38 4	38	4	OPART	1
38	5	38 5	38	5	OPART	1
38	6	38 6	38	6	OPART	1
38	7	38 7	38	7	OPART	1
38	8	38 8	38	8	OPART	1
38	9	38 9	38	9	OPART	1
38	10	38 10	38	10	OPART	1
38	11	38 11	38	11	OPART	1
38	12	38 12	38	12	OPART	1
38	13	38 13	38	13	OPART	1
38	14	38 14	38	14	OPART	1
38	15	38 15	38	15	OPART	1
38	16	38 16	38	16	OPART	1
38	17	38 17	38	17	OPART	1
38	18	38 18	38	18	OPART	1
38	19	38 19	38	19	OPART	1
38	20	38 20	38	20	OPART	1
38	21	38 21	38	21	OPART	1
38	22	38 22	38	22	OPART	1
38	23	38 23	38	23	OPART	1
38	24	38 24	38	24	OPART	1
38	25	38 25	38	25	OPART	1
38	26	38 26	38	26	OPART	1
38	27	38 27	38	27	OPART	1
38	28	38 28	38	28	OPART	1
38	29	38 29	38	29	OPART	1
38	30	38 30	38	30	OPART	1
38	31	38 31	38	31	OPART	1
38	32	38 32	38	32	OPART	1
38	33	38 33	38	33	OPART	1
38	34	38 34	38	34	OPART	1
38	35	38 35	38	35	OPART	1
38	36	38 36	38	36	OPART	1
38	37	38 37	38	37	OPART	1
39	0	39 0	39	0	OPART	1
39	1	39 1	39	1	OPART	1
39	2	39 2	39	2	OPART	1
39	3	39 3	39	3	OPART	1
39	4	39 4	39	4	OPART	1
39	5	39 5	39	5	OPART	1
39	6	39 6	39	6	OPART	1
39	7	39 7	39	7	OPART	1
39	8	39 8	39	8	OPART	1
39	9	39 9	39	9	OPART	1
39	10	39 10	39	10	OPART	1
39	11	39 11	39	11	OPART	1
39	12	39 12	39	12	OPART	1
39	13	39 13	39	13	OPART	1
39	14	39 14	39	14	OPART	1
39	15	39 15	39	15	OPART	1
39	16	39 16	39	16	OPART	1
39	17	39 17	39	17	OPART	1
39	18	39 18	39	18	OPART	1
39	19	39 19	39	19	OPART	1
39	20	39 20	39	20	OPART	1
39	21	39 21	39	21	OPART	1
39	22	39 22	39	22	OPART	1
39	23	39 23	39	23	OPART	1
39	24	39 24	39	24	OPART	1
39	25	39 25	39	25	OPART	1
39	26	39 26	39	26	OPART	1
39	27	39 27	39	27	OPART	1
39	28	39 28	39	28	OPART	1
39	29	39 29	39	29	OPART	1
39	30	39 30	39	30	OPART	1
39	31	39 31	39	31	OPART	1
39	32	39 32	39	32	OPART	1
39	33	39 33	39	33	OPART	1
39	34	39 34	39	34	OPART	1
39	35	39 35	39	35	OPART	1
39	36	39 36	39	36	OPART	1
39	37	39 37	39	37	OPART	1
39	38	39 38	39	38	OPART	1
40	0	40 0	40	0	OPART	1
40	1	40 1	40	1	OPART	1
40	2	40 2	40	2	OPART	1
40	3	40 3	40	3	OPART	1
40	4	40 4	40	4	OPART	1
40	5	40 5	40	5	OPART	1
40	6	40 6	40	6	OPART	1
40	7	40 7	40	7	OPART	1
40	8	40 8	40	8	OPART	1
40	9	40 9	40	9	OPART	1
40	10	40 10	40	10	OPART	1
40	11	40 11	40	11	OPART	1
40	12	40 12	40	12	OPART	1
40	13	40 13	40	13	OPART	1
40	14	40 14	40	14	OPART	1
40	15	40 15	40	15	OPART	1
40	16	40 16	40	16	OPART	1
40	17	40 17	40	17	OPART	1
40	18	40 18	40	18	OPART	1
40	19	40 19	40	19	OPART	1
40	20	40 20	40	20	OPART	1
40	21	40 21	40	21	OPART	1
40	22	40 22	40	22	OPART	1
40	23	40 23	40	23	OPART	1
40	24	40 24	40	24	OPART	1
40	25	40 25	40	25	OPART	1
40	26	40 26	40	26	OPART	1
40	27	40 27	40	27	OPART	1
40	28	40 28	40	28	OPART	1
40	29	40 29	40	29	OPART	1
40	30	40 30	40	30	OPART	1
40	31	40 31	40	31	OPART	1
40	32	40 32	40	32	OPART	1
40	33	40 33	40	33	OPART	1
40	34	40 34	40	34	OPART	1
40	35	40 35	40	35	OPART	1
40	36	40 36	40	36	OPART	1
40	37	40 37	40	37	OPART	1
40	38	40 38	40	38	OPART	1
40	39	40 39	40	39	OPART	1
41	0	41 0	41	0	OPART	1
41	1	41 1	41	1	OPART	1
41	2	41 2	41	2	OPART	1
41	3	41 3	41	3	OPART	1
41	4	41 4	41	4	OPART	1
41	5	41 5	41	5	OPART	1
41	6	41 6	41	6	OPART	1
41	7	41 7	41	7	OPART	1
41	8	41 8	41	8	OPART	1
41	9	41 9	41	9	OPART	1
41	10	41 10	41	10	OPART	1
41	11	41 11	41	11	OPART	1
41	12	41 12	41	12	OPART	1
41	13	41 13	41	13	OPART	1
41	14	41 14	41	14	OPART	1
41	15	41 15	41	15	OPART	1
41	16	41 16	41	16	OPART	1
41	17	41 17	41	17	OPART	1
41	18	41 18	41	18	OPART	1
41	19	41 19	41	19	OPART	1
41	20	41 20	41	20	OPART	1
41	21	41 21	41	21	OPART	1
41	22	41 22	41	22	OPART	1
41	23	41 23	41	23	OPART	1
41	24	41 24	41	24	OPART	1
41	25	41 25	41	25	OPART	1
41	26	41 26	41	26	OPART	1
41	27	41 27	41	27	OPART	1
41	28	41 28	41	28	OPART	1
41	29	41 29	41	29	OPART	1
41	30	41 30	41	30	OPART	1
41	31	41 31	41	31	OPART	1
41	32	41 32	41	32	OPART	1
41	33	41 33	41	33	OPART	1
41	34	41 34	41	34	OPART	1
41	35	41 35	41	35	OPART	1
41	36	41 36	41	36	OPART	1
41	37	41 37	41	37	OPART	1
41	38	41 38	41	38	OPART	1
41	39	41 39	41	39	OPART	1
41	40	41 40	41	40	OPART	1
42	0	42 0	42	0	OPART	1
42	1	42 1	42	1	OPART	1
42	2	42 2	42	2	OPART	1
42	3	42 3	42	3	OPART	1
42	4	42 4	42	4	OPART	1
42	5	42 5	42	5	OPART	1
42	6	42 6	42	6	OPART	1
42	7	42 7	42	7	OPART	1
42	8	42 8	42	8	OPART	1
42	9	42 9	42	9	OPART	1
42	10	42 10	42	10	OPART	1
42	11	42 11	42	11	OPART	1
42	12	42 12	42	12	OPART	1
42	13	42 13	42	13	OPART	1
42	14	42 14	42	14	OPART	1
42	15	42 15	42	15	OPART	1
42	16	42 16	42	16	OPART	1
42	17	42 17	42	17	OPART	1
42	18	42 18	42	18	OPART	1
42	19	42 19	42	19	OPART	1
42	20	42 20	42	20	OPART	1
42	21	42 21	42	21	OPART	1
42	22	42 22	42	22	OPART	1
42	23	42 23	42	23	OPART	1
42	24	42 24	42	24	OPART	1
42	25	42 25	42	25	OPART	1
42	26	42 26	42	26	OPART	1
42	27	42 27	42	27	OPART	1
42	28	42 28	42	28	OPART	1
42	29	42 29	42	29	OPART	1
42	30	42 30	42	30	OPART	1
42	31	42 31	42	31	OPART	1
42	32	42 32	42	32	OPART	1
42	33	42 33	42	33	OPART	1
42	34	42 34	42	34	OPART	1
42	35	42 35	42	35	OPART	1
42	36	42 36	42	36	OPART	1
42	37	42 37	42	37	OPART	1
42	38	42 38	42	38	OPART	1
42	39	42 39	42	39	OPART	1
42	40	42 40	42	40	OPART	1
42	41	42 41	42	41	OPART	1
43	0	43 0	43	0	OPART	1
43	1	43 1	43	1	OPART	1
43	2	43 2	43	2	OPART	1
43	3	43 3	43	3	OPART	1
43	4	43 4	43	4	OPART	1
43	5	43 5	43	5	OPART	1
43	6	43 6	43	6	OPART	1
43	7	43 7	43	7	OPART	1
43	8	43 8	43	8	OPART	1
43	9	43 9	43	9	OPART	1
43	10	43 10	43	10	OPART	1
43	11	43 11	43	11	OPART	1
43	12	43 12	43	12	OPART	1
43	13	43 13	43	13	OPART	1
43	14	43 14	43	14	OPART	1
43	15	43 15	43	15	OPART	1
43	16	43 16	43	16	OPART	1
43	17	43 17	43	17	OPART	1
43	18	43 18	43	18	OPART	1
43	19	43 19	43	19	OPART	1
43	20	43 20	43	20	OPART	1
43	21	43 21	43	21	OPART	1
43	22	43 22	43	22	OPART	1
43	23	43 23	43	23	OPART	1
43	24	43 24	43	24	OPART	1
43	25	43 25	43	25	OPART	1
43	26	43 26	43	26	OPART	1
43	27	43 27	43	27	OPART	1
43	28	43 28	43	28	OPART	1
43	29	43 29	43	29	OPART	1
43	30	43 30	43	30	OPART	1
43	31	43 31	43	31	OPART	1
43	32	43 32	43	32	OPART	1
43	33	43 33	43	33	OPART	1
43	34	43 34	43	34	OPART	1
43	35	43 35	43	35	OPART	1
43	36	43 36	43	36	OPART	1
43	37	43 37	43	37	OPART	1
43	38	43 38	43	38	OPART	1
43	39	43 39	43	39	OPART	1
43	40	43 40	43	40	OPART	1
43	41	43 41	43	41	OPART	1
43	42	43 42	43	42	OPART	1
44	0	44 0	44	0	OPART	1
44	1	44 1	44	1	OPART	1
44	2	44 2	44	2	OPART	1
44	3	44 3	44	3	OPART	1
44	4	44 4	44	4	OPART	1
44	5	44 5	44	5	OPART	1
44	6	44 6	44	6	OPART	1
44	7	44 7	44	7	OPART	1
44	8	44 8	44	8	OPART	1
44	9	44 9	44	9	OPART	1
44	10	44 10	44	10	OPART	1
44	11	44 11	44	11	OPART	1
44	12	44 12	44	12	OPART	1
44	13	44 13	44	13	OPART	1
44	14	44 14	44	14	OPART	1
44	15	44 15	44	15	OPART	1
44	16	44 16	44	16	OPART	1
44	17	44 17	44	17	OPART	1
44	18	44 18	44	18	OPART	1
44	19	44 19	44	19	OPART	1
44	20	44 20	44	20	OPART	1
44	21	44 21	44	21	OPART	1
44	22	44 22	44	22	OPART	1
44	23	44 23	44	23	OPART	1
44	24	44 24	44	24	OPART	1
44	25	44 25	44	25	OPART	1
44	26	44 26	44	26	OPART	1
44	27	44 27	44	27	OPART	1
44	28	44 28	44	28	OPART	1
44	29	44 29	44	29	OPART	1
44	30	44 30	44	30	OPART	1
44	31	44 31	44	31	OPART	1
44	32	44 32	44	32	OPART	1
44	33	44 33	44	33	OPART	1
44	34	44 34	44	34	OPART	1
44	35	44 35	44	35	OPART	1
44	36	44 36	44	36	OPART	1
44	37	44 37	44	37	OPART	1
44	38	44 38	44	38	OPART	1
44	39	44 39	44	39	OPART	1
44	40	44 40	44	40	OPART	1
44	41	44 41	44	41	OPART	1
44	42	44 42	44	42	OPART	1
44	43	44 43	44	43	OPART	1
45	0	45 0	45	0	OPART	1
45	1	45 1	45	1	OPART	1
45	2	45 2	45	2	OPART	1
45	3	45 3	45	3	OPART	1
45	4	45 4	45	4	OPART	1
45	5	45 5	45	5	OPART	1
45	6	45 6	45	6	OPART	1
45	7	45 7	45	7	OPART	1
45	8	45 8	45	8	OPART	1
45	9	45 9	45	9	OPART	1
45	10	45 10	45	10	OPART	1
45	11	45 11	45	11	OPART	1
45	12	45 12	45	12	OPART	1
45	13	45 13	45	13	OPART	1
45	14	45 14	45	14	OPART	1
45	15	45 15	45	15	OPART	1
45	16	45 16	45	16	OPART	1
45	17	45 17	45	17	OPART	1
45	18	45 18	45	18	OPART	1
45	19	45 19	45	19	OPART	1
45	20	45 20	45	20	OPART	1
45	21	45 21	45	21	OPART	1
45	22	45 22	45	22	OPART	1
45	23	45 23	45	23	OPART	1
45	24	45 24	45	24	OPART	1
45	25	45 25	45	25	OPART	1
45	26	45 26	45	26	OPART	1
45	27	45 27	45	27	OPART	1
45	28	45 28	45	28	OPART	1
45	29	45 29	45	29	OPART	1
45	30	45 30	45	30	OPART	1
45	31	45 31	45	31	OPART	1
45	32	45 32	45	32	OPART	1
45	33	45 33	45	33	OPART	1
45	34	45 34	45	34	OPART	1
45	35	45 35	45	35	OPART	1
45	36	45 36	45	36	OPART	1
45	37	45 37	45	37	OPART	1
45	38	45 38	45	38	OPART	1
45	39	45 39	45	39	OPART	1
45	40	45 40	45	40	OPART	1
45	41	45 41	45	41	OPART	1
45	42	45 42	45	42	OPART	1
45	43	45 43	45	43	OPART	1
45	44	45 44	45	44	OPART	1
46	0	46 0	46	0	OPART	1
46	1	46 1	46	1	OPART	1
46	2	46 2	46	2	OPART	1
46	3	46 3	46	3	OPART	1
46	4	46 4	46	4	OPART	1
46	5	46 5	46	5	OPART	1
46	6	46 6	46	6	OPART	1
46	7	46 7	46	7	OPART	1
46	8	46 8	46	8	OPART	1
46	9	46 9	46	9	OPART	1
46	10	46 10	46	10	OPART	1
46	11	46 11	46	11	OPART	1
46	12	46 12	46	12	OPART	1
46	13	46 13	46	13	OPART	1
46	14	46 14	46	14	OPART	1
46	15	46 15	46	15	OPART	1
46	16	46 16	46	16	OPART	1
46	17	46 17	46	17	OPART	1
46	18	46 18	46	18	OPART	1
46	19	46 19	46	19	OPART	1
46	20	46 20	46	20	OPART	1
46	21	46 21	46	21	OPART	1
46	22	46 22	46	22	OPART	1
46	23	46 23	46	23	OPART	1
46	24	46 24	46	24	OPART	1
46	25	46 25	46	25	OPART	1
46	26	46 26	46	26	OPART	1
46	27	46 27	46	27	OPART	1
46	28	46 28	46	28	OPART	1
46	29	46 29	46	29	OPART	1
46	30	46 30	46	30	OPART	1
46	31	46 31	46	31	OPART	1
46	32	46 32	46	32	OPART	1
46	33	46 33	46	33	OPART	1
46	34	46 34	46	34	OPART	1
46	35	46 35	46	35	OPART	1
46	36	46 36	46	36	OPART	1
46	37	46 37	46	37	OPART	1
46	38	46 38	46	38	OPART	1
46	39	46 39	46	39	OPART	1
46	40	46 40	46	40	OPART	1
46	41	46 41	46	41	OPART	1
46	42	46 42	46	42	OPART	1
46	43	46 43	46	43	OPART	1
46	44	46 44	46	44	OPART	1
46	45	46 45	46	45	OPART	1
47	0	47 0	47	0	OPART	1
47	1	47 1	47	1	OPART	1
47	2	47 2	47	2	OPART	1
47	3	47 3	47	3	OPART	1
47	4	47 4	47	4	OPART	1
47	5	47 5	47	5	OPART	1
47	6	47 6	47	6	OPART	1
47	7	47 7	47	7	OPART	1
47	8	47 8	47	8	OPART	1
47	9	47 9	47	9	OPART	1
47	10	47 10	47	10	OPART	1
47	11	47 11	47	11	OPART	1
47	12	47 12	47	12	OPART	1
47	13	47 13	47	13	OPART	1
47	14	47 14	47	14	OPART	1
47	15	47 15	47	15	OPART	1
47	16	47 16	47	16	OPART	1
47	17	47 17	47	17	OPART	1
47	18	47 18	47	18	OPART	1
47	19	47 19	47	19	OPART	1
47	20	47 20	47	20	OPART	1
47	21	47 21	47	21	OPART	1
47	22	47 22	47	22	OPART	1
47	23	47 23	47	23	OPART	1
47	24	47 24	47	24	OPART	1
47	25	47 25	47	25	OPART	1
47	26	47 26	47	26	OPART	1
47	27	47 27	47	27	OPART	1
47	28	47 28	47	28	OPART	1
47	29	47 29	47	29	OPART	1
47	30	47 30	47	30	OPART	1
47	31	47 31	47	31	OPART	1
47	32	47 32	47	32	OPART	1
47	33	47 33	47	33	OPART	1
47	34	47 34	47	34	OPART	1
47	35	47 35	47	35	OPART	1
47	36	47 36	47	36	OPART	1
47	37	47 37	47	37	OPART	1
47	38	47 38	47	38	OPART	1
47	39	47 39	47	39	OPART	1
47	40	47 40	47	40	OPART	1
47	41	47 41	47	41	OPART	1
47	42	47 42	47	42	OPART	1
47	43	47 43	47	43	OPART	1
47	44	47 44	47	44	OPART	1
47	45	47 45	47	45	OPART	1
47	46	47 46	47	46	OPART	1
48	0	48 0	48	0	OPART	1
48	1	48 1	48	1	OPART	1
48	2	48 2	48	2	OPART	1
48	3	48 3	48	3	OPART	1
48	4	48 4	48	4	OPART	1
48	5	48 5	48	5	OPART	1
48	6	48 6	48	6	OPART	1
48	7	48 7	48	7	OPART	1
48	8	48 8	48	8	OPART	1
48	9	48 9	48	9	OPART	1
48	10	48 10	48	10	OPART	1
48	11	48 11	48	11	OPART	1
48	12	48 12	48	12	OPART	1
48	13	48 13	48	13	OPART	1
48	14	48 14	48	14	OPART	1
48	15	48 15	48	15	OPART	1
48	16	48 16	48	16	OPART	1
48	17	48 17	48	17	OPART	1
48	18	48 18	48	18	OPART	1
48	19	48 19	48	19	OPART	1
48	20	48 20	48	20	OPART	1
48	21	48 21	48	21	OPART	1
48	22	48 22	48	22	OPART	1
48	23	48 23	48	23	OPART	1
48	24	48 24	48	24	OPART	1
48	25	48 25	48	25	OPART	1
48	26	48 26	48	26	OPART	1
48	27	48 27	48	27	OPART	1
48	28	48 28	48	28	OPART	1
48	29	48 29	48	29	OPART	1
48	30	48 30	48	30	OPART	1
48	31	48 31	48	31	OPART	1
48	32	48 32	48	32	OPART	1
48	33	48 33	48	33	OPART	1
48	34	48 34	48	34	OPART	1
48	35	48 35	48	35	OPART	1
48	36	48 36	48	36	OPART	1
48	37	48 37	48	37	OPART	1
48	38	48 38	48	38	OPART	1
48	39	48 39	48	39	OPART	1
48	40	48 40	48	40	OPART	1
48	41	48 41	48	41	OPART	1
48	42	48 42	48	42	OPART	1
48	43	48 43	48	43	OPART	1
48	44	48 44	48	44	OPART	1
48	45	48 45	48	45	OPART	1
48	46	48 46	48	46	OPART	1
48	47	48 47	48	47	OPART	1
49	0	49 0	49	0	OPART	1
49	1	49 1	49	1	OPART	1
49	2	49 2	49	2	OPART	1
49	3	49 3	49	3	OPART	1
49	4	49 4	49	4	OPART	1
49	5	49 5	49	5	OPART	1
49	6	49 6	49	6	OPART	1
49	7	49 7	49	7	OPART	1
49	8	49 8	49	8	OPART	1
49	9	49 9	49	9	OPART	1
49	10	49 10	49	10	OPART	1
49	11	49 11	49	11	OPART	1
49	12	49 12	49	12	OPART	1
49	13	49 13	49	13	OPART	1
49	14	49 14	49	14	OPART	1
49	15	49 15	49	15	OPART	1
49	16	49 16	49	16	OPART	1
49	17	49 17	49	17	OPART	1
49	18	49 18	49	18	OPART	1
49	19	49 19	49	19	OPART	1
49	20	49 20	49	20	OPART	1
49	21	49 21	49	21	OPART	1
49	22	49 22	49	22	OPART	1
49	23	49 23	49	23	OPART	1
49	24	49 24	49	24	OPART	1
49	25	49 25	49	25	OPART	1
49	26	49 26	49	26	OPART	1
49	27	49 27	49	27	OPART	1
49	28	49 28	49	28	OPART	1
49	29	49 29	49	29	OPART	1
49	30	49 30	49	30	OPART	1
49	31	49 31	49	31	OPART	1
49	32	49 32	49	32	OPART	1
49	33	49 33	49	33	OPART	1
49	34	49 34	49	34	OPART	1
49	35	49 35	49	35	OPART	1
49	36	49 36	49	36	OPART	1
49	37	49 37	49	37	OPART	1
49	38	49 38	49	38	OPART	1
49	39	49 39	49	39	OPART	1
49	40	49 40	49	40	OPART	1
49	41	49 41	49	41	OPART	1
49	42	49 42	49	42	OPART	1
49	43	49 43	49	43	OPART	1
49	44	49 44	49	44	OPART	1
49	45	49 45	49	45	OPART	1
49	46	49 46	49	46	OPART	1
49	47	49 47	49	47	OPART	1
49	48	49 48	49	48	OPART	1
50	0	50 0	50	0	OPART	1
50	1	50 1	50	1	OPART	1
50	2	50 2	50	2	OPART	1
50	3	50 3	50	3	OPART	1
50	4	50 4	50	4	OPART	1
50	5	50 5	50	5	OPART	1
50	6	50 6	50	6	OPART	1
50	7	50 7	50	7	OPART	1
50	8	50 8	50	8	OPART	1
50	9	50 9	50	9	OPART	1
50	10	50 10	50	10	OPART	1
50	11	50 11	50	11	OPART	1
50	12	50 12	50	12	OPART	1
50	13	50 13	50	13	OPART	1
50	14	50 14	50	14	OPART	1
50	15	50 15	50	15	OPART	1
50	16	50 16	50	16	OPART	1
50	17	50 17	50	17	OPART	1
50	18	50 18	50	18	OPART	1
50	19	50 19	50	19	OPART	1
50	20	50 20	50	20	OPART	1
50	21	50 21	50	21	OPART	1
50	22	50 22	50	22	OPART	1
50	23	50 23	50	23	OPART	1
50	24	50 24	50	24	OPART	1
50	25	50 25	50	25	OPART	1
50	26	50 26	50	26	OPART	1
50	27	50 27	50	27	OPART	1
50	28	50 28	50	28	OPART	1
50	29	50 29	50	29	OPART	1
50	30	50 30	50	30	OPART	1
50	31	50 31	50	31	OPART	1
50	32	50 32	50	32	OPART	1
50	33	50 33	50	33	OPART	1
50	34	50 34	50	34	OPART	1
50	35	50 35	50	35	OPART	1
50	36	50 36	50	36	OPART	1
50	37	50 37	50	37	OPART	1
50	38	50 38	50	38	OPART	1
50	39	50 39	50	39	OPART	1
50	40	50 40	50	40	OPART	1
50	41	50 41	50	41	OPART	1
50	42	50 42	50	42	OPART	1
50	43	50 43	50	43	OPART	1
50	44	50 44	50	44	OPART	1
50	45	50 45	50	45	OPART	1
50	46	50 46	50	46	OPART	1
50	47	50 47	50	47	OPART	1
50	48	50 48	50	48	OPART	1
50	49	50 49	50	49	OPART	1
51	0	51 0	51	0	OPART	1
51	1	51 1	51	1	OPART	1
51	2	51 2	51	2	OPART	1
51	3	51 3	51	3	OPART	1
51	4	51 4	51	4	OPART	1
51	5	51 5	51	5	OPART	1
51	6	51 6	51	6	OPART	1
51	7	51 7	51	7	OPART	1
51	8	51 8	51	8	OPART	1
51	9	51 9	51	9	OPART	1
51	10	51 10	51	10	OPART	1
51	11	51 11	51	11	OPART	1
51	12	51 12	51	12	OPART	1
51	13	51 13	51	13	OPART	1
51	14	51 14	51	14	OPART	1
51	15	51 15	51	15	OPART	1
51	16	51 16	51	16	OPART	1
51	17	51 17	51	17	OPART	1
51	18	51 18	51	18	OPART	1
51	19	51 19	51	19	OPART	1
51	20	51 20	51	20	OPART	1
51	21	51 21	51	21	OPART	1
51	22	51 22	51	22	OPART	1
51	23	51 23	51	23	OPART	1
51	24	51 24	51	24	OPART	1
51	25	51 25	51	25	OPART	1
51	26	51 26	51	26	OPART	1
51	27	51 27	51	27	OPART	1
51	28	51 28	51	28	OPART	1
51	29	51 29	51	29	OPART	1
51	30	51 30	51	30	OPART	1
51	31	51 31	51	31	OPART	1
51	32	51 32	51	32	OPART	1
51	33	51 33	51	33	OPART	1
51	34	51 34	51	34	OPART	1
51	35	51 35	51	35	OPART	1
51	36	51 36	51	36	OPART	1
51	37	51 37	51	37	OPART	1
51	38	51 38	51	38	OPART	1
51	39	51 39	51	39	OPART	1
51	40	51 40	51	40	OPART	1
51	41	51 41	51	41	OPART	1
51	42	51 42	51	42	OPART	1
51	43	51 43	51	43	OPART	1
51	44	51 44	51	44	OPART	1
51	45	51 45	51	45	OPART	1
51	46	51 46	51	46	OPART	1
51	47	51 47	51	47	OPART	1
51	48	51 48	51	48	OPART	1
51	49	51 49	51	49	OPART	1
51	50	51 50	51	50	OPART	1
52	0	52 0	52	0	OPART	1
52	1	52 1	52	1	OPART	1
52	2	52 2	52	2	OPART	1
52	3	52 3	52	3	OPART	1
52	4	52 4	52	4	OPART	1
52	5	52 5	52	5	OPART	1
52	6	52 6	52	6	OPART	1
52	7	52 7	52	7	OPART	1
52	8	52 8	52	8	OPART	1
52	9	52 9	52	9	OPART	1
52	10	52 10	52	10	OPART	1
52	11	52 11	52	11	OPART	1
52	12	52 12	52	12	OPART	1
52	13	52 13	52	13	OPART	1
52	14	52 14	52	14	OPART	1
52	15	52 15	52	15	OPART	1
52	16	52 16	52	16	OPART	1
52	17	52 17	52	17	OPART	1
52	18	52 18	52	18	OPART	1
52	19	52 19	52	19	OPART	1
52	20	52 20	52	20	OPART	1
52	21	52 21	52	21	OPART	1
52	22	52 22	52	22	OPART	1
52	23	52 23	52	23	OPART	1
52	24	52 24	52	24	OPART	1
52	25	52 25	52	25	OPART	1
52	26	52 26	52	26	OPART	1
52	27	52 27	52	27	OPART	1
52	28	52 28	52	28	OPART	1
52	29	52 29	52	29	OPART	1
52	30	52 30	52	30	OPART	1
52	31	52 31	52	31	OPART	1
52	32	52 32	52	32	OPART	1
52	33	52 33	52	33	OPART	1
52	34	52 34	52	34	OPART	1
52	35	52 35	52	35	OPART	1
52	36	52 36	52	36	OPART	1
52	37	52 37	52	37	OPART	1
52	38	52 38	52	38	OPART	1
52	39	52 39	52	39	OPART	1
52	40	52 40	52	40	OPART	1
52	41	52 41	52	41	OPART	1
52	42	52 42	52	42	OPART	1
52	43	52 43	52	43	OPART	1
52	44	52 44	52	44	OPART	1
52	45	52 45	52	45	OPART	1
52	46	52 46	52	46	OPART	1
52	47	52 47	52	47	OPART	1
52	48	52 48	52	48	OPART	1
52	49	52 49	52	49	OPART	1
52	50	52 50	52	50	OPART	1
52	51	52 51	52	51	OPART	1
53	0	53 0	53	0	OPART	1
53	1	53 1	53	1	OPART	1
53	2	53 2	53	2	OPART	1
53	3	53 3	53	3	OPART	1
53	4	53 4	53	4	OPART	1
53	5	53 5	53	5	OPART	1
53	6	53 6	53	6	OPART	1
53	7	53 7	53	7	OPART	1
53	8	53 8	53	8	OPART	1
53	9	53 9	53	9	OPART	1
53	10	53 10	53	10	OPART	1
53	11	53 11	53	11	OPART	1
53	12	53 12	53	12	OPART	1
53	13	53 13	53	13	OPART	1
53	14	53 14	53	14	OPART	1
53	15	53 15	53	15	OPART	1
53	16	53 16	53	16	OPART	1
53	17	53 17	53	17	OPART	1
53	18	53 18	53	18	OPART	1
53	19	53 19	53	19	OPART	1
53	20	53 20	53	20	OPART	1
53	21	53 21	53	21	OPART	1
53	22	53 22	53	22	OPART	1
53	23	53 23	53	23	OPART	1
53	24	53 24	53	24	OPART	1
53	25	53 25	53	25	OPART	1
53	26	53 26	53	26	OPART	1
53	27	53 27	53	27	OPART	1
53	28	53 28	53	28	OPART	1
53	29	53 29	53	29	OPART	1
53	30	53 30	53	30	OPART	1
53	31	53 31	53	31	OPART	1
53	32	53 32	53	32	OPART	1
53	33	53 33	53	33	OPART	1
53	34	53 34	53	34	OPART	1
53	35	53 35	53	35	OPART	1
53	36	53 36	53	36	OPART	1
53	37	53 37	53	37	OPART	1
53	38	53 38	53	38	OPART	1
53	39	53 39	53	39	OPART	1
53	40	53 40	53	40	OPART	1
53	41	53 41	53	41	OPART	1
53	42	53 42	53	42	OPART	1
53	43	53 43	53	43	OPART	1
53	44	53 44	53	44	OPART	1
53	45	53 45	53	45	OPART	1
53	46	53 46	53	46	OPART	1
53	47	53 47	53	47	OPART	1
53	48	53 48	53	48	OPART	1
53	49	53 49	53	49	OPART	1
53	50	53 50	53	50	OPART	1
53	51	53 51	53	51	OPART	1
53	52	53 52	53	52	OPART	1
54	0	54 0	54	0	OPART	1
54	1	54 1	54	1	OPART	1
54	2	54 2	54	2	OPART	1
54	3	54 3	54	3	OPART	1
54	4	54 4	54	4	OPART	1
54	5	54 5	54	5	OPART	1
54	6	54 6	54	6	OPART	1
54	7	54 7	54	7	OPART	1
54	8	54 8	54	8	OPART	1
54	9	54 9	54	9	OPART	1
54	10	54 10	54	10	OPART	1
54	11	54 11	54	11	OPART	1
54	12	54 12	54	12	OPART	1
54	13	54 13	54	13	OPART	1
54	14	54 14	54	14	OPART	1
54	15	54 15	54	15	OPART	1
54	16	54 16	54	16	OPART	1
54	17	54 17	54	17	OPART	1
54	18	54 18	54	18	OPART	1
54	19	54 19	54	19	OPART	1
54	20	54 20	54	20	OPART	1
54	21	54 21	54	21	OPART	1
54	22	54 22	54	22	OPART	1
54	23	54 23	54	23	OPART	1
54	24	54 24	54	24	OPART	1
54	25	54 25	54	25	OPART	1
54	26	54 26	54	26	OPART	1
54	27	54 27	54	27	OPART	1
54	28	54 28	54	28	OPART	1
54	29	54 29	54	29	OPART	1
54	30	54 30	54	30	OPART	1
54	31	54 31	54	31	OPART	1
54	32	54 32	54	32	OPART	1
54	33	54 33	54	33	OPART	1
54	34	54 34	54	34	OPART	1
54	35	54 35	54	35	OPART	1
54	36	54 36	54	36	OPART	1
54	37	54 37	54	37	OPART	1
54	38	54 38	54	38	OPART	1
54	39	54 39	54	39	OPART	1
54	40	54 40	54	40	OPART	1
54	41	54 41	54	41	OPART	1
54	42	54 42	54	42	OPART	1
54	43	54 43	54	43	OPART	1
54	44	54 44	54	44	OPART	1
54	45	54 45	54	45	OPART	1
54	46	54 46	54	46	OPART	1
54	47	54 47	54	47	OPART	1
54	48	54 48	54	48	OPART	1
54	49	54 49	54	49	OPART	1
54	50	54 50	54	50	OPART	1
54	51	54 51	54	51	OPART	1
54	52	54 52	54	52	OPART	1
54	53	54 53	54	53	OPART	1
55	0	55 0	55	0	OPART	1
55	1	55 1	55	1	OPART	1
55	2	55 2	55	2	OPART	1
55	3	55 3	55	3	OPART	1
55	4	55 4	55	4	OPART	1
55	5	55 5	55	5	OPART	1
55	6	55 6	55	6	OPART	1
55	7	55 7	55	7	OPART	1
55	8	55 8	55	8	OPART	1
55	9	55 9	55	9	OPART	1
55	10	55 10	55	10	OPART	1
55	11	55 11	55	11	OPART	1
55	12	55 12	55	12	OPART	1
55	13	55 13	55	13	OPART	1
55	14	55 14	55	14	OPART	1
55	15	55 15	55	15	OPART	1
55	16	55 16	55	16	OPART	1
55	17	55 17	55	17	OPART	1
55	18	55 18	55	18	OPART	1
55	19	55 19	55	19	OPART	1
55	20	55 20	55	20	OPART	1
55	21	55 21	55	21	OPART	1
55	22	55 22	55	22	OPART	1
55	23	55 23	55	23	OPART	1
55	24	55 24	55	24	OPART	1
55	25	55 25	55	25	OPART	1
55	26	55 26	55	26	OPART	1
55	27	55 27	55	27	OPART	1
55	28	55 28	55	28	OPART	1
55	29	55 29	55	29	OPART	1
55	30	55 30	55	30	OPART	1
55	31	55 31	55	31	OPART	1
55	32	55 32	55	32	OPART	1
55	33	55 33	55	33	OPART	1
55	34	55 34	55	34	OPART	1
55	35	55 35	55	35	OPART	1
55	36	55 36	55	36	OPART	1
55	37	55 37	55	37	OPART	1
55	38	55 38	55	38	OPART	1
55	39	55 39	55	39	OPART	1
55	40	55 40	55	40	OPART	1
55	41	55 41	55	41	OPART	1
55	42	55 42	55	42	OPART	1
55	43	55 43	55	43	OPART	1
55	44	55 44	55	44	OPART	1
55	45	55 45	55	45	OPART	1
55	46	55 46	55	46	OPART	1
55	47	55 47	55	47	OPART	1
55	48	55 48	55	48	OPART	1
55	49	55 49	55	49	OPART	1
55	50	55 50	55	50	OPART	1
55	51	55 51	55	51	OPART	1
55	52	55 52	55	52	OPART	1
55	53	55 53	55	53	OPART	1
55	54	55 54	55	54	OPART	1
56	0	56 0	56	0	OPART	1
56	1	56 1	56	1	OPART	1
56	2	56 2	56	2	OPART	1
56	3	56 3	56	3	OPART	1
56	4	56 4	56	4	OPART	1
56	5	56 5	56	5	OPART	1
56	6	56 6	56	6	OPART	1
56	7	56 7	56	7	OPART	1
56	8	56 8	56	8	OPART	1
56	9	56 9	56	9	OPART	1
56	10	56 10	56	10	OPART	1
56	11	56 11	56	11	OPART	1
56	12	56 12	56	12	OPART	1
56	13	56 13	56	13	OPART	1
56	14	56 14	56	14	OPART	1
56	15	56 15	56	15	OPART	1
56	16	56 16	56	16	OPART	1
56	17	56 17	56	17	OPART	1
56	18	56 18	56	18	OPART	1
56	19	56 19	56	19	OPART	1
56	20	56 20	56	20	OPART	1
56	21	56 21	56	21	OPART	1
56	22	56 22	56	22	OPART	1
56	23	56 23	56	23	OPART	1
56	24	56 24	56	24	OPART	1
56	25	56 25	56	25	OPART	1
56	26	56 26	56	26	OPART	1
56	27	56 27	56	27	OPART	1
56	28	56 28	56	28	OPART	1
56	29	56 29	56	29	OPART	1
56	30	56 30	56	30	OPART	1
56	31	56 31	56	31	OPART	1
56	32	56 32	56	32	OPART	1
56	33	56 33	56	33	OPART	1
56	34	56 34	56	34	OPART	1
56	35	56 35	56	35	OPART	1
56	36	56 36	56	36	OPART	1
56	37	56 37	56	37	OPART	1
56	38	56 38	56	38	OPART	1
56	39	56 39	56	39	OPART	1
56	40	56 40	56	40	OPART	1
56	41	56 41	56	41	OPART	1
56	42	56 42	56	42	OPART	1
56	43	56 43	56	43	OPART	1
56	44	56 44	56	44	OPART	1
56	45	56 45	56	45	OPART	1
56	46	56 46	56	46	OPART	1
56	47	56 47	56	47	OPART	1
56	48	56 48	56	48	OPART	1
56	49	56 49	56	49	OPART	1
56	50	56 50	56	50	OPART	1
56	51	56 51	56	51	OPART	1
56	52	56 52	56	52	OPART	1
56	53	56 53	56	53	OPART	1
56	54	56 54	56	54	OPART	1
56	55	56 55	56	55	OPART	1
57	0	57 0	57	0	OPART	1
57	1	57 1	57	1	OPART	1
57	2	57 2	57	2	OPART	1
57	3	57 3	57	3	OPART	1
57	4	57 4	57	4	OPART	1
57	5	57 5	57	5	OPART	1
57	6	57 6	57	6	OPART	1
57	7	57 7	57	7	OPART	1
57	8	57 8	57	8	OPART	1
57	9	57 9	57	9	OPART	1
57	10	57 10	57	10	OPART	1
57	11	57 11	57	11	OPART	1
57	12	57 12	57	12	OPART	1
57	13	57 13	57	13	OPART	1
57	14	57 14	57	14	OPART	1
57	15	57 15	57	15	OPART	1
57	16	57 16	57	16	OPART	1
57	17	57 17	57	17	OPART	1
57	18	57 18	57	18	OPART	1
57	19	57 19	57	19	OPART	1
57	20	57 20	57	20	OPART	1
57	21	57 21	57	21	OPART	1
57	22	57 22	57	22	OPART	1
57	23	57 23	57	23	OPART	1
57	24	57 24	57	24	OPART	1
57	25	57 25	57	25	OPART	1
57	26	57 26	57	26	OPART	1
57	27	57 27	57	27	OPART	1
57	28	57 28	57	28	OPART	1
57	29	57 29	57	29	OPART	1
57	30	57 30	57	30	OPART	1
57	31	57 31	57	31	OPART	1
57	32	57 32	57	32	OPART	1
57	33	57 33	57	33	OPART	1
57	34	57 34	57	34	OPART	1
57	35	57 35	57	35	OPART	1
57	36	57 36	57	36	OPART	1
57	37	57 37	57	37	OPART	1
57	38	57 38	57	38	OPART	1
57	39	57 39	57	39	OPART	1
57	40	57 40	57	40	OPART	1
57	41	57 41	57	41	OPART	1
57	42	57 42	57	42	OPART	1
57	43	57 43	57	43	OPART	1
57	44	57 44	57	44	OPART	1
57	45	57 45	57	45	OPART	1
57	46	57 46	57	46	OPART	1
57	47	57 47	57	47	OPART	1
57	48	57 48	57	48	OPART	1
57	49	57 49	57	49	OPART	1
57	50	57 50	57	50	OPART	1
57	51	57 51	57	51	OPART	1
57	52	57 52	57	52	OPART	1
57	53	57 53	57	53	OPART	1
57	54	57 54	57	54	OPART	1
57	55	57 55	57	55	OPART	1
57	56	57 56	57	56	OPART	1
58	0	58 0	58	0	OPART	1
58	1	58 1	58	1	OPART	1
58	2	58 2	58	2	OPART	1
58	3	58 3	58	3	OPART	1
58	4	58 4	58	4	OPART	1
58	5	58 5	58	5	OPART	1
58	6	58 6	58	6	OPART	1
58	7	58 7	58	7	OPART	1
58	8	58 8	58	8	OPART	1
58	9	58 9	58	9	OPART	1
58	10	58 10	58	10	OPART	1
58	11	58 11	58	11	OPART	1
58	12	58 12	58	12	OPART	1
58	13	58 13	58	13	OPART	1
58	14	58 14	58	14	OPART	1
58	15	58 15	58	15	OPART	1
58	16	58 16	58	16	OPART	1
58	17	58 17	58	17	OPART	1
58	18	58 18	58	18	OPART	1
58	19	58 19	58	19	OPART	1
58	20	58 20	58	20	OPART	1
58	21	58 21	58	21	OPART	1
58	22	58 22	58	22	OPART	1
58	23	58 23	58	23	OPART	1
58	24	58 24	58	24	OPART	1
58	25	58 25	58	25	OPART	1
58	26	58 26	58	26	OPART	1
58	27	58 27	58	27	OPART	1
58	28	58 28	58	28	OPART	1
58	29	58 29	58	29	OPART	1
58	30	58 30	58	30	OPART	1
58	31	58 31	58	31	OPART	1
58	32	58 32	58	32	OPART	1
58	33	58 33	58	33	OPART	1
58	34	58 34	58	34	OPART	1
58	35	58 35	58	35	OPART	1
58	36	58 36	58	36	OPART	1
58	37	58 37	58	37	OPART	1
58	38	58 38	58	38	OPART	1
58	39	58 39	58	39	OPART	1
58	40	58 40	58	40	OPART	1
58	41	58 41	58	41	OPART	1
58	42	58 42	58	42	OPART	1
58	43	58 43	58	43	OPART	1
58	44	58 44	58	44	OPART	1
58	45	58 45	58	45	OPART	1
58	46	58 46	58	46	OPART	1
58	47	58 47	58	47	OPART	1
58	48	58 48	58	48	OPART	1
58	49	58 49	58	49	OPART	1
58	50	58 50	58	50	OPART	1
58	51	58 51	58	51	OPART	1
58	52	58 52	58	52	OPART	1
58	53	58 53	58	53	OPART	1
58	54	58 54	58	54	OPART	1
58	55	58 55	58	55	OPART	1
58	56	58 56	58	56	OPART	1
58	57	58 57	58	57	OPART	1
59	0	59 0	59	0	OPART	1
59	1	59 1	59	1	OPART	1
59	2	59 2	59	2	OPART	1
59	3	59 3	59	3	OPART	1
59	4	59 4	59	4	OPART	1
59	5	59 5	59	5	OPART	1
59	6	59 6	59	6	OPART	1
59	7	59 7	59	7	OPART	1
59	8	59 8	59	8	OPART	1
59	9	59 9	59	9	OPART	1
59	10	59 10	59	10	OPART	1
59	11	59 11	59	11	OPART	1
59	12	59 12	59	12	OPART	1
59	13	59 13	59	13	OPART	1
59	14	59 14	59	14	OPART	1
59	15	59 15	59	15	OPART	1
59	16	59 16	59	16	OPART	1
59	17	59 17	59	17	OPART	1
59	18	59 18	59	18	OPART	1
59	19	59 19	59	19	OPART	1
59	20	59 20	59	20	OPART	1
59	21	59 21	59	21	OPART	1
59	22	59 22	59	22	OPART	1
59	23	59 23	59	23	OPART	1
59	24	59 24	59	24	OPART	1
59	25	59 25	59	25	OPART	1
59	26	59 26	59	26	OPART	1
59	27	59 27	59	27	OPART	1
59	28	59 28	59	28	OPART	1
59	29	59 29	59	29	OPART	1
59	30	59 30	59	30	OPART	1
59	31	59 31	59	31	OPART	1
59	32	59 32	59	32	OPART	1
59	33	59 33	59	33	OPART	1
59	34	59 34	59	34	OPART	1
59	35	59 35	59	35	OPART	1
59	36	59 36	59	36	OPART	1
59	37	59 37	59	37	OPART	1
59	38	59 38	59	38	OPART	1
59	39	59 39	59	39	OPART	1
59	40	59 40	59	40	OPART	1
59	41	59 41	59	41	OPART	1
59	42	59 42	59	42	OPART	1
59	43	59 43	59	43	OPART	1
59	44	59 44	59	44	OPART	1
59	45	59 45	59	45	OPART	1
59	46	59 46	59	46	OPART	1
59	47	59 47	59	47	OPART	1
59	48	59 48	59	48	OPART	1
59	49	59 49	59	49	OPART	1
59	50	59 50	59	50	OPART	1
59	51	59 51	59	51	OPART	1
59	52	59 52	59	52	OPART	1
59	53	59 53	59	53	OPART	1
59	54	59 54	59	54	OPART	1
59	55	59 55	59	55	OPART	1
59	56	59 56	59	56	OPART	1
59	57	59 57	59	57	OPART	1
59	58	59 58	59	58	OPART	1
60	0	60 0	60	0	OPART	1
60	1	60 1	60	1	OPART	1
60	2	60 2	60	2	OPART	1
60	3	60 3	60	3	OPART	1
60	4	60 4	60	4	OPART	1
60	5	60 5	60	5	OPART	1
60	6	60 6	60	6	OPART	1
60	7	60 7	60	7	OPART	1
60	8	60 8	60	8	OPART	1
60	9	60 9	60	9	OPART	1
60	10	60 10	60	10	OPART	1
60	11	60 11	60	11	OPART	1
60	12	60 12	60	12	OPART	1
60	13	60 13	60	13	OPART	1
60	14	60 14	60	14	OPART	1
60	15	60 15	60	15	OPART	1
60	16	60 16	60	16	OPART	1
60	17	60 17	60	17	OPART	1
60	18	60 18	60	18	OPART	1
60	19	60 19	60	19	OPART	1
60	20	60 20	60	20	OPART	1
60	21	60 21	60	21	OPART	1
60	22	60 22	60	22	OPART	1
60	23	60 23	60	23	OPART	1
60	24	60 24	60	24	OPART	1
60	25	60 25	60	25	OPART	1
60	26	60 26	60	26	OPART	1
60	27	60 27	60	27	OPART	1
60	28	60 28	60	28	OPART	1
60	29	60 29	60	29	OPART	1
60	30	60 30	60	30	OPART	1
60	31	60 31	60	31	OPART	1
60	32	60 32	60	32	OPART	1
60	33	60 33	60	33	OPART	1
60	34	60 34	60	34	OPART	1
60	35	60 35	60	35	OPART	1
60	36	60 36	60	36	OPART	1
60	37	60 37	60	37	OPART	1
60	38	60 38	60	38	OPART	1
60	39	60 39	60	39	OPART	1
60	40	60 40	60	40	OPART	1
60	41	60 41	60	41	OPART	1
60	42	60 42	60	42	OPART	1
60	43	60 43	60	43	OPART	1
60	44	60 44	60	44	OPART	1
60	45	60 45	60	45	OPART	1
60	46	60 46	60	46	OPART	1
60	47	60 47	60	47	OPART	1
60	48	60 48	60	48	OPART	1
60	49	60 49	60	49	OPART	1
60	50	60 50	60	50	OPART	1
60	51	60 51	60	51	OPART	1
60	52	60 52	60	52	OPART	1
60	53	60 53	60	53	OPART	1
60	54	60 54	60	54	OPART	1
60	55	60 55	60	55	OPART	1
60	56	60 56	60	56	OPART	1
60	57	60 57	60	57	OPART	1
60	58	60 58	60	58	OPART	1
60	59	60 59	60	59	OPART	1
61	0	61 0	61	0	OPART	1
61	1	61 1	61	1	OPART	1
61	2	61 2	61	2	OPART	1
61	3	61 3	61	3	OPART	1
61	4	61 4	61	4	OPART	1
61	5	61 5	61	5	OPART	1
61	6	61 6	61	6	OPART	1
61	7	61 7	61	7	OPART	1
61	8	61 8	61	8	OPART	1
61	9	61 9	61	9	OPART	1
61	10	61 10	61	10	OPART	1
61	11	61 11	61	11	OPART	1
61	12	61 12	61	12	OPART	1
61	13	61 13	61	13	OPART	1
61	14	61 14	61	14	OPART	1
61	15	61 15	61	15	OPART	1
61	16	61 16	61	16	OPART	1
61	17	61 17	61	17	OPART	1
61	18	61 18	61	18	OPART	1
61	19	61 19	61	19	OPART	1
61	20	61 20	61	20	OPART	1
61	21	61 21	61	21	OPART	1
61	22	61 22	61	22	OPART	1
61	23	61 23	61	23	OPART	1
61	24	61 24	61	24	OPART	1
61	25	61 25	61	25	OPART	1
61	26	61 26	61	26	OPART	1
61	27	61 27	61	27	OPART	1
61	28	61 28	61	28	OPART	1
61	29	61 29	61	29	OPART	1
61	30	61 30	61	30	OPART	1
61	31	61 31	61	31	OPART	1
61	32	61 32	61	32	OPART	1
61	33	61 33	61	33	OPART	1
61	34	61 34	61	34	OPART	1
61	35	61 35	61	35	OPART	1
61	36	61 36	61	36	OPART	1
61	37	61 37	61	37	OPART	1
61	38	61 38	61	38	OPART	1
61	39	61 39	61	39	OPART	1
61	40	61 40	61	40	OPART	1
61	41	61 41	61	41	OPART	1
61	42	61 42	61	42	OPART	1
61	43	61 43	61	43	OPART	1
61	44	61 44	61	44	OPART	1
61	45	61 45	61	45	OPART	1
61	46	61 46	61	46	OPART	1
61	47	61 47	61	47	OPART	1
61	48	61 48	61	48	OPART	1
61	49	61 49	61	49	OPART	1
61	50	61 50	61	50	OPART	1
61	51	61 51	61	51	OPART	1
61	52	61 52	61	52	OPART	1
61	53	61 53	61	53	OPART	1
61	54	61 54	61	54	OPART	1
61	55	61 55	61	55	OPART	1
61	56	61 56	61	56	OPART	1
61	57	61 57	61	57	OPART	1
61	58	61 58	61	58	OPART	1
61	59	61 59	61	59	OPART	1
61	60	61 60	61	60	OPART	1
62	0	62 0	62	0	OPART	1
62	1	62 1	62	1	OPART	1
62	2	62 2	62	2	OPART	1
62	3	62 3	62	3	OPART	1
62	4	62 4	62	4	OPART	1
62	5	62 5	62	5	OPART	1
62	6	62 6	62	6	OPART	1
62	7	62 7	62	7	OPART	1
62	8	62 8	62	8	OPART	1
62	9	62 9	62	9	OPART	1
62	10	62 10	62	10	OPART	1
62	11	62 11	62	11	OPART	1
62	12	62 12	62	12	OPART	1
62	13	62 13	62	13	OPART	1
62	14	62 14	62	14	OPART	1
62	15	62 15	62	15	OPART	1
62	16	62 16	62	16	OPART	1
62	17	62 17	62	17	OPART	1
62	18	62 18	62	18	OPART	1
62	19	62 19	62	19	OPART	1
62	20	62 20	62	20	OPART	1
62	21	62 21	62	21	OPART	1
62	22	62 22	62	22	OPART	1
62	23	62 23	62	23	OPART	1
62	24	62 24	62	24	OPART	1
62	25	62 25	62	25	OPART	1
62	26	62 26	62	26	OPART	1
62	27	62 27	62	27	OPART	1
62	28	62 28	62	28	OPART	1
62	29	62 29	62	29	OPART	1
62	30	62 30	62	30	OPART	1
62	31	62 31	62	31	OPART	1
62	32	62 32	62	32	OPART	1
62	33	62 33	62	33	OPART	1
62	34	62 34	62	34	OPART	1
62	35	62 35	62	35	OPART	1
62	36	62 36	62	36	OPART	1
62	37	62 37	62	37	OPART	1
62	38	62 38	62	38	OPART	1
62	39	62 39	62	39	OPART	1
62	40	62 40	62	40	OPART	1
62	41	62 41	62	41	OPART	1
62	42	62 42	62	42	OPART	1
62	43	62 43	62	43	OPART	1
62	44	62 44	62	44	OPART	1
62	45	62 45	62	45	OPART	1
62	46	62 46	62	46	OPART	1
62	47	62 47	62	47	OPART	1
62	48	62 48	62	48	OPART	1
62	49	62 49	62	49	OPART	1
62	50	62 50	62	50	OPART	1
62	51	62 51	62	51	OPART	1
62	52	62 52	62	52	OPART	1
62	53	62 53	62	53	OPART	1
62	54	62 54	62	54	OPART	1
62	55	62 55	62	55	OPART	1
62	56	62 56	62	56	OPART	1
62	57	62 57	62	57	OPART	1
62	58	62 58	62	58	OPART	1
62	59	62 59	62	59	OPART	1
62	60	62 60	62	60	OPART	1
62	61	62 61	62	61	OPART	1
63	0	63 0	63	0	OPART	1
63	1	63 1	63	1	OPART	1
63	2	63 2	63	2	OPART	1
63	3	63 3	63	3	OPART	1
63	4	63 4	63	4	OPART	1
63	5	63 5	63	5	OPART	1
63	6	63 6	63	6	OPART	1
63	7	63 7	63	7	OPART	1
63	8	63 8	63	8	OPART	1
63	9	63 9	63	9	OPART	1
63	10	63 10	63	10	OPART	1
63	11	63 11	63	11	OPART	1
63	12	63 12	63	12	OPART	1
63	13	63 13	63	13	OPART	1
63	14	63 14	63	14	OPART	1
63	15	63 15	63	15	OPART	1
63	16	63 16	63	16	OPART	1
63	17	63 17	63	17	OPART	1
63	18	63 18	63	18	OPART	1
63	19	63 19	63	19	OPART	1
63	20	63 20	63	20	OPART	1
63	21	63 21	63	21	OPART	1
63	22	63 22	63	22	OPART	1
63	23	63 23	63	23	OPART	1
63	24	63 24	63	24	OPART	1
63	25	63 25	63	25	OPART	1
63	26	63 26	63	26	OPART	1
63	27	63 27	63	27	OPART	1
63	28	63 28	63	28	OPART	1
63	29	63 29	63	29	OPART	1
63	30	63 30	63	30	OPART	1
63	31	63 31	63	31	OPART	1
63	32	63 32	63	32	OPART	1
63	33	63 33	63	33	OPART	1
63	34	63 34	63	34	OPART	1
63	35	63 35	63	35	OPART	1
63	36	63 36	63	36	OPART	1
63	37	63 37	63	37	OPART	1
63	38	63 38	63	38	OPART	1
63	39	63 39	63	39	OPART	1
63	40	63 40	63	40	OPART	1
63	41	63 41	63	41	OPART	1
63	42	63 42	63	42	OPART	1
63	43	63 43	63	43	OPART	1
63	44	63 44	63	44	OPART	1
63	45	63 45	63	45	OPART	1
63	46	63 46	63	46	OPART	1
63	47	63 47	63	47	OPART	1
63	48	63 48	63	48	OPART	1
63	49	63 49	63	49	OPART	1
63	50	63 50	63	50	OPART	1
63	51	63 51	63	51	OPART	1
63	52	63 52	63	52	OPART	1
63	53	63 53	63	53	OPART	1
63	54	63 54	63	54	OPART	1
63	55	63 55	63	55	OPART	1
63	56	63 56	63	56	OPART	1
63	57	63 57	63	57	OPART	1
63	58	63 58	63	58	OPART	1
63	59	63 59	63	59	OPART	1
63	60	63 60	63	60	OPART	1
63	61	63 61	63	61	OPART	1
63	62	63 62	63	62	OPART	1
64	0	64 0	64	0	OPART	1
64	1	64 1	64	1	OPART	1
64	2	64 2	64	2	OPART	1
64	3	64 3	64	3	OPART	1
64	4	64 4	64	4	OPART	1
64	5	64 5	64	5	OPART	1
64	6	64 6	64	6	OPART	1
64	7	64 7	64	7	OPART	1
64	8	64 8	64	8	OPART	1
64	9	64 9	64	9	OPART	1
64	10	64 10	64	10	OPART	1
64	11	64 11	64	11	OPART	1
64	12	64 12	64	12	OPART	1
64	13	64 13	64	13	OPART	1
64	14	64 14	64	14	OPART	1
64	15	64 15	64	15	OPART	1
64	16	64 16	64	16	OPART	1
64	17	64 17	64	17	OPART	1
64	18	64 18	64	18	OPART	1
64	19	64 19	64	19	OPART	1
64	20	64 20	64	20	OPART	1
64	21	64 21	64	21	OPART	1
64	22	64 22	64	22	OPART	1
64	23	64 23	64	23	OPART	1
64	24	64 24	64	24	OPART	1
64	25	64 25	64	25	OPART	1
64	26	64 26	64	26	OPART	1
64	27	64 27	64	27	OPART	1
64	28	64 28	64	28	OPART	1
64	29	64 29	64	29	OPART	1
64	30	64 30	64	30	OPART	1
64	31	64 31	64	31	OPART	1
64	32	64 32	64	32	OPART	1
64	33	64 33	64	33	OPART	1
64	34	64 34	64	34	OPART	1
64	35	64 35	64	35	OPART	1
64	36	64 36	64	36	OPART	1
64	37	64 37	64	37	OPART	1
64	38	64 38	64	38	OPART	1
64	39	64 39	64	39	OPART	1
64	40	64 40	64	40	OPART	1
64	41	64 41	64	41	OPART	1
64	42	64 42	64	42	OPART	1
64	43	64 43	64	43	OPART	1
64	44	64 44	64	44	OPART	1
64	45	64 45	64	45	OPART	1
64	46	64 46	64	46	OPART	1
64	47	64 47	64	47	OPART	1
64	48	64 48	64	48	OPART	1
64	49	64 49	64	49	OPART	1
64	50	64 50	64	50	OPART	1
64	51	64 51	64	51	OPART	1
64	52	64 52	64	52	OPART	1
64	53	64 53	64	53	OPART	1
64	54	64 54	64	54	OPART	1
64	55	64 55	64	55	OPART	1
64	56	64 56	64	56	OPART	1
64	57	64 57	64	57	OPART	1
64	58	64 58	64	58	OPART	1
64	59	64 59	64	59	OPART	1
64	60	64 60	64	60	OPART	1
64	61	64 61	64	61	OPART	1
64	62	64 62	64	62	OPART	1
64	63	64 63	64	63	OPART	1
65	0	65 0	65	0	OPART	1
65	1	65 1	65	1	OPART	1
65	2	65 2	65	2	OPART	1
65	3	65 3	65	3	OPART	1
65	4	65 4	65	4	OPART	1
65	5	65 5	65	5	OPART	1
65	6	65 6	65	6	OPART	1
65	7	65 7	65	7	OPART	1
65	8	65 8	65	8	OPART	1
65	9	65 9	65	9	OPART	1
65	10	65 10	65	10	OPART	1
65	11	65 11	65	11	OPART	1
65	12	65 12	65	12	OPART	1
65	13	65 13	65	13	OPART	1
65	14	65 14	65	14	OPART	1
65	15	65 15	65	15	OPART	1
65	16	65 16	65	16	OPART	1
65	17	65 17	65	17	OPART	1
65	18	65 18	65	18	OPART	1
65	19	65 19	65	19	OPART	1
65	20	65 20	65	20	OPART	1
65	21	65 21	65	21	OPART	1
65	22	65 22	65	22	OPART	1
65	23	65 23	65	23	OPART	1
65	24	65 24	65	24	OPART	1
65	25	65 25	65	25	OPART	1
65	26	65 26	65	26	OPART	1
65	27	65 27	65	27	OPART	1
65	28	65 28	65	28	OPART	1
65	29	65 29	65	29	OPART	1
65	30	65 30	65	30	OPART	1
65	31	65 31	65	31	OPART	1
65	32	65 32	65	32	OPART	1
65	33	65 33	65	33	OPART	1
65	34	65 34	65	34	OPART	1
65	35	65 35	65	35	OPART	1
65	36	65 36	65	36	OPART	1
65	37	65 37	65	37	OPART	1
65	38	65 38	65	38	OPART	1
65	39	65 39	65	39	OPART	1
65	40	65 40	65	40	OPART	1
65	41	65 41	65	41	OPART	1
65	42	65 42	65	42	OPART	1
65	43	65 43	65	43	OPART	1
65	44	65 44	65	44	OPART	1
65	45	65 45	65	45	OPART	1
65	46	65 46	65	46	OPART	1
65	47	65 47	65	47	OPART	1
65	48	65 48	65	48	OPART	1
65	49	65 49	65	49	OPART	1
65	50	65 50	65	50	OPART	1
65	51	65 51	65	51	OPART	1
65	52	65 52	65	52	OPART	1
65	53	65 53	65	53	OPART	1
65	54	65 54	65	54	OPART	1
65	55	65 55	65	55	OPART	1
65	56	65 56	65	56	OPART	1
65	57	65 57	65	57	OPART	1
65	58	65 58	65	58	OPART	1
65	59	65 59	65	59	OPART	1
65	60	65 60	65	60	OPART	1
65	61	65 61	65	61	OPART	1
65	62	65 62	65	62	OPART	1
65	63	65 63	65	63	OPART	1
65	64	65 64	65	64	OPART	1
66	0	66 0	66	0	OPART	1
66	1	66 1	66	1	OPART	1
66	2	66 2	66	2	OPART	1
66	3	66 3	66	3	OPART	1
66	4	66 4	66	4	OPART	1
66	5	66 5	66	5	OPART	1
66	6	66 6	66	6	OPART	1
66	7	66 7	66	7	OPART	1
66	8	66 8	66	8	OPART	1
66	9	66 9	66	9	OPART	1
66	10	66 10	66	10	OPART	1
66	11	66 11	66	11	OPART	1
66	12	66 12	66	12	OPART	1
66	13	66 13	66	13	OPART	1
66	14	66 14	66	14	OPART	1
66	15	66 15	66	15	OPART	1
66	16	66 16	66	16	OPART	1
66	17	66 17	66	17	OPART	1
66	18	66 18	66	18	OPART	1
66	19	66 19	66	19	OPART	1
66	20	66 20	66	20	OPART	1
66	21	66 21	66	21	OPART	1
66	22	66 22	66	22	OPART	1
66	23	66 23	66	23	OPART	1
66	24	66 24	66	24	OPART	1
66	25	66 25	66	25	OPART	1
66	26	66 26	66	26	OPART	1
66	27	66 27	66	27	OPART	1
66	28	66 28	66	28	OPART	1
66	29	66 29	66	29	OPART	1
66	30	66 30	66	30	OPART	1
66	31	66 31	66	31	OPART	1
66	32	66 32	66	32	OPART	1
66	33	66 33	66	33	OPART	1
66	34	66 34	66	34	OPART	1
66	35	66 35	66	35	OPART	1
66	36	66 36	66	36	OPART	1
66	37	66 37	66	37	OPART	1
66	38	66 38	66	38	OPART	1
66	39	66 39	66	39	OPART	1
66	40	66 40	66	40	OPART	1
66	41	66 41	66	41	OPART	1
66	42	66 42	66	42	OPART	1
66	43	66 43	66	43	OPART	1
66	44	66 44	66	44	OPART	1
66	45	66 45	66	45	OPART	1
66	46	66 46	66	46	OPART	1
66	47	66 47	66	47	OPART	1
66	48	66 48	66	48	OPART	1
66	49	66 49	66	49	OPART	1
66	50	66 50	66	50	OPART	1
66	51	66 51	66	51	OPART	1
66	52	66 52	66	52	OPART	1
66	53	66 53	66	53	OPART	1
66	54	66 54	66	54	OPART	1
66	55	66 55	66	55	OPART	1
66	56	66 56	66	56	OPART	1
66	57	66 57	66	57	OPART	1
66	58	66 58	66	58	OPART	1
66	59	66 59	66	59	OPART	1
66	60	66 60	66	60	OPART	1
66	61	66 61	66	61	OPART	1
66	62	66 62	66	62	OPART	1
66	63	66 63	66	63	OPART	1
66	64	66 64	66	64	OPART	1
66	65	66 65	66	65	OPART	1
67	0	67 0	67	0	OPART	1
67	1	67 1	67	1	OPART	1
67	2	67 2	67	2	OPART	1
67	3	67 3	67	3	OPART	1
67	4	67 4	67	4	OPART	1
67	5	67 5	67	5	OPART	1
67	6	67 6	67	6	OPART	1
67	7	67 7	67	7	OPART	1
67	8	67 8	67	8	OPART	1
67	9	67 9	67	9	OPART	1
67	10	67 10	67	10	OPART	1
67	11	67 11	67	11	OPART	1
67	12	67 12	67	12	OPART	1
67	13	67 13	67	13	OPART	1
67	14	67 14	67	14	OPART	1
67	15	67 15	67	15	OPART	1
67	16	67 16	67	16	OPART	1
67	17	67 17	67	17	OPART	1
67	18	67 18	67	18	OPART	1
67	19	67 19	67	19	OPART	1
67	20	67 20	67	20	OPART	1
67	21	67 21	67	21	OPART	1
67	22	67 22	67	22	OPART	1
67	23	67 23	67	23	OPART	1
67	24	67 24	67	24	OPART	1
67	25	67 25	67	25	OPART	1
67	26	67 26	67	26	OPART	1
67	27	67 27	67	27	OPART	1
67	28	67 28	67	28	OPART	1
67	29	67 29	67	29	OPART	1
67	30	67 30	67	30	OPART	1
67	31	67 31	67	31	OPART	1
67	32	67 32	67	32	OPART	1
67	33	67 33	67	33	OPART	1
67	34	67 34	67	34	OPART	1
67	35	67 35	67	35	OPART	1
67	36	67 36	67	36	OPART	1
67	37	67 37	67	37	OPART	1
67	38	67 38	67	38	OPART	1
67	39	67 39	67	39	OPART	1
67	40	67 40	67	40	OPART	1
67	41	67 41	67	41	OPART	1
67	42	67 42	67	42	OPART	1
67	43	67 43	67	43	OPART	1
67	44	67 44	67	44	OPART	1
67	45	67 45	67	45	OPART	1
67	46	67 46	67	46	OPART	1
67	47	67 47	67	47	OPART	1
67	48	67 48	67	48	OPART	1
67	49	67 49	67	49	OPART	1
67	50	67 50	67	50	OPART	1
67	51	67 51	67	51	OPART	1
67	52	67 52	67	52	OPART	1
67	53	67 53	67	53	OPART	1
67	54	67 54	67	54	OPART	1
67	55	67 55	67	55	OPART	1
67	56	67 56	67	56	OPART	1
67	57	67 57	67	57	OPART	1
67	58	67 58	67	58	OPART	1
67	59	67 59	67	59	OPART	1
67	60	67 60	67	60	OPART	1
67	61	67 61	67	61	OPART	1
67	62	67 62	67	62	OPART	1
67	63	67 63	67	63	OPART	1
67	64	67 64	67	64	OPART	1
67	65	67 65	67	65	OPART	1
67	66	67 66	67	66	OPART	1
68	0	68 0	68	0	OPART	1
68	1	68 1	68	1	OPART	1
68	2	68 2	68	2	OPART	1
68	3	68 3	68	3	OPART	1
68	4	68 4	68	4	OPART	1
68	5	68 5	68	5	OPART	1
68	6	68 6	68	6	OPART	1
68	7	68 7	68	7	OPART	1
68	8	68 8	68	8	OPART	1
68	9	68 9	68	9	OPART	1
68	10	68 10	68	10	OPART	1
68	11	68 11	68	11	OPART	1
68	12	68 12	68	12	OPART	1
68	13	68 13	68	13	OPART	1
68	14	68 14	68	14	OPART	1
68	15	68 15	68	15	OPART	1
68	16	68 16	68	16	OPART	1
68	17	68 17	68	17	OPART	1
68	18	68 18	68	18	OPART	1
68	19	68 19	68	19	OPART	1
68	20	68 20	68	20	OPART	1
68	21	68 21	68	21	OPART	1
68	22	68 22	68	22	OPART	1
68	23	68 23	68	23	OPART	1
68	24	68 24	68	24	OPART	1
68	25	68 25	68	25	OPART	1
68	26	68 26	68	26	OPART	1
68	27	68 27	68	27	OPART	1
68	28	68 28	68	28	OPART	1
68	29	68 29	68	29	OPART	1
68	30	68 30	68	30	OPART	1
68	31	68 31	68	31	OPART	1
68	32	68 32	68	32	OPART	1
68	33	68 33	68	33	OPART	1
68	34	68 34	68	34	OPART	1
68	35	68 35	68	35	OPART	1
68	36	68 36	68	36	OPART	1
68	37	68 37	68	37	OPART	1
68	38	68 38	68	38	OPART	1
68	39	68 39	68	39	OPART	1
68	40	68 40	68	40	OPART	1
68	41	68 41	68	41	OPART	1
68	42	68 42	68	42	OPART	1
68	43	68 43	68	43	OPART	1
68	44	68 44	68	44	OPART	1
68	45	68 45	68	45	OPART	1
68	46	68 46	68	46	OPART	1
68	47	68 47	68	47	OPART	1
68	48	68 48	68	48	OPART	1
68	49	68 49	68	49	OPART	1
68	50	68 50	68	50	OPART	1
68	51	68 51	68	51	OPART	1
68	52	68 52	68	52	OPART	1
68	53	68 53	68	53	OPART	1
68	54	68 54	68	54	OPART	1
68	55	68 55	68	55	OPART	1
68	56	68 56	68	56	OPART	1
68	57	68 57	68	57	OPART	1
68	58	68 58	68	58	OPART	1
68	59	68 59	68	59	OPART	1
68	60	68 60	68	60	OPART	1
68	61	68 61	68	61	OPART	1
68	62	68 62	68	62	OPART	1
68	63	68 63	68	63	OPART	1
68	64	68 64	68	64	OPART	1
68	65	68 65	68	65	OPART	1
68	66	68 66	68	66	OPART	1
68	67	68 67	68	67	OPART	1
69	0	69 0	69	0	OPART	1
69	1	69 1	69	1	OPART	1
69	2	69 2	69	2	OPART	1
69	3	69 3	69	3	OPART	1
69	4	69 4	69	4	OPART	1
69	5	69 5	69	5	OPART	1
69	6	69 6	69	6	OPART	1
69	7	69 7	69	7	OPART	1
69	8	69 8	69	8	OPART	1
69	9	69 9	69	9	OPART	1
69	10	69 10	69	10	OPART	1
69	11	69 11	69	11	OPART	1
69	12	69 12	69	12	OPART	1
69	13	69 13	69	13	OPART	1
69	14	69 14	69	14	OPART	1
69	15	69 15	69	15	OPART	1
69	16	69 16	69	16	OPART	1
69	17	69 17	69	17	OPART	1
69	18	69 18	69	18	OPART	1
69	19	69 19	69	19	OPART	1
69	20	69 20	69	20	OPART	1
69	21	69 21	69	21	OPART	1
69	22	69 22	69	22	OPART	1
69	23	69 23	69	23	OPART	1
69	24	69 24	69	24	OPART	1
69	25	69 25	69	25	OPART	1
69	26	69 26	69	26	OPART	1
69	27	69 27	69	27	OPART	1
69	28	69 28	69	28	OPART	1
69	29	69 29	69	29	OPART	1
69	30	69 30	69	30	OPART	1
69	31	69 31	69	31	OPART	1
69	32	69 32	69	32	OPART	1
69	33	69 33	69	33	OPART	1
69	34	69 34	69	34	OPART	1
69	35	69 35	69	35	OPART	1
69	36	69 36	69	36	OPART	1
69	37	69 37	69	37	OPART	1
69	38	69 38	69	38	OPART	1
69	39	69 39	69	39	OPART	1
69	40	69 40	69	40	OPART	1
69	41	69 41	69	41	OPART	1
69	42	69 42	69	42	OPART	1
69	43	69 43	69	43	OPART	1
69	44	69 44	69	44	OPART	1
69	45	69 45	69	45	OPART	1
69	46	69 46	69	46	OPART	1
69	47	69 47	69	47	OPART	1
69	48	69 48	69	48	OPART	1
69	49	69 49	69	49	OPART	1
69	50	69 50	69	50	OPART	1
69	51	69 51	69	51	OPART	1
69	52	69 52	69	52	OPART	1
69	53	69 53	69	53	OPART	1
69	54	69 54	69	54	OPART	1
69	55	69 55	69	55	OPART	1
69	56	69 56	69	56	OPART	1
69	57	69 57	69	57	OPART	1
69	58	69 58	69	58	OPART	1
69	59	69 59	69	59	OPART	1
69	60	69 60	69	60	OPART	1
69	61	69 61	69	61	OPART	1
69	62	69 62	69	62	OPART	1
69	63	69 63	69	63	OPART	1
69	64	69 64	69	64	OPART	1
69	65	69 65	69	65	OPART	1
69	66	69 66	69	66	OPART	1
69	67	69 67	69	67	OPART	1
69	68	69 68	69	68	OPART	1
70	0	70 0	70	0	OPART	1
70	1	70 1	70	1	OPART	1
70	2	70 2	70	2	OPART	1
70	3	70 3	70	3	OPART	1
70	4	70 4	70	4	OPART	1
70	5	70 5	70	5	OPART	1
70	6	70 6	70	6	OPART	1
70	7	70 7	70	7	OPART	1
70	8	70 8	70	8	OPART	1
70	9	70 9	70	9	OPART	1
70	10	70 10	70	10	OPART	1
70	11	70 11	70	11	OPART	1
70	12	70 12	70	12	OPART	1
70	13	70 13	70	13	OPART	1
70	14	70 14	70	14	OPART	1
70	15	70 15	70	15	OPART	1
70	16	70 16	70	16	OPART	1
70	17	70 17	70	17	OPART	1
70	18	70 18	70	18	OPART	1
70	19	70 19	70	19	OPART	1
70	20	70 20	70	20	OPART	1
70	21	70 21	70	21	OPART	1
70	22	70 22	70	22	OPART	1
70	23	70 23	70	23	OPART	1
70	24	70 24	70	24	OPART	1
70	25	70 25	70	25	OPART	1
70	26	70 26	70	26	OPART	1
70	27	70 27	70	27	OPART	1
70	28	70 28	70	28	OPART	1
70	29	70 29	70	29	OPART	1
70	30	70 30	70	30	OPART	1
70	31	70 31	70	31	OPART	1
70	32	70 32	70	32	OPART	1
70	33	70 33	70	33	OPART	1
70	34	70 34	70	34	OPART	1
70	35	70 35	70	35	OPART	1
70	36	70 36	70	36	OPART	1
70	37	70 37	70	37	OPART	1
70	38	70 38	70	38	OPART	1
70	39	70 39	70	39	OPART	1
70	40	70 40	70	40	OPART	1
70	41	70 41	70	41	OPART	1
70	42	70 42	70	42	OPART	1
70	43	70 43	70	43	OPART	1
70	44	70 44	70	44	OPART	1
70	45	70 45	70	45	OPART	1
70	46	70 46	70	46	OPART	1
70	47	70 47	70	47	OPART	1
70	48	70 48	70	48	OPART	1
70	49	70 49	70	49	OPART	1
70	50	70 50	70	50	OPART	1
70	51	70 51	70	51	OPART	1
70	52	70 52	70	52	OPART	1
70	53	70 53	70	53	OPART	1
70	54	70 54	70	54	OPART	1
70	55	70 55	70	55	OPART	1
70	56	70 56	70	56	OPART	1
70	57	70 57	70	57	OPART	1
70	58	70 58	70	58	OPART	1
70	59	70 59	70	59	OPART	1
70	60	70 60	70	60	OPART	1
70	61	70 61	70	61	OPART	1
70	62	70 62	70	62	OPART	1
70	63	70 63	70	63	OPART	1
70	64	70 64	70	64	OPART	1
70	65	70 65	70	65	OPART	1
70	66	70 66	70	66	OPART	1
70	67	70 67	70	67	OPART	1
70	68	70 68	70	68	OPART	1
70	69	70 69	70	69	OPART	1
71	0	71 0	71	0	OPART	1
71	1	71 1	71	1	OPART	1
71	2	71 2	71	2	OPART	1
71	3	71 3	71	3	OPART	1
71	4	71 4	71	4	OPART	1
71	5	71 5	71	5	OPART	1
71	6	71 6	71	6	OPART	1
71	7	71 7	71	7	OPART	1
71	8	71 8	71	8	OPART	1
71	9	71 9	71	9	OPART	1
71	10	71 10	71	10	OPART	1
71	11	71 11	71	11	OPART	1
71	12	71 12	71	12	OPART	1
71	13	71 13	71	13	OPART	1
71	14	71 14	71	14	OPART	1
71	15	71 15	71	15	OPART	1
71	16	71 16	71	16	OPART	1
71	17	71 17	71	17	OPART	1
71	18	71 18	71	18	OPART	1
71	19	71 19	71	19	OPART	1
71	20	71 20	71	20	OPART	1
71	21	71 21	71	21	OPART	1
71	22	71 22	71	22	OPART	1
71	23	71 23	71	23	OPART	1
71	24	71 24	71	24	OPART	1
71	25	71 25	71	25	OPART	1
71	26	71 26	71	26	OPART	1
71	27	71 27	71	27	OPART	1
71	28	71 28	71	28	OPART	1
71	29	71 29	71	29	OPART	1
71	30	71 30	71	30	OPART	1
71	31	71 31	71	31	OPART	1
71	32	71 32	71	32	OPART	1
71	33	71 33	71	33	OPART	1
71	34	71 34	71	34	OPART	1
71	35	71 35	71	35	OPART	1
71	36	71 36	71	36	OPART	1
71	37	71 37	71	37	OPART	1
71	38	71 38	71	38	OPART	1
71	39	71 39	71	39	OPART	1
71	40	71 40	71	40	OPART	1
71	41	71 41	71	41	OPART	1
71	42	71 42	71	42	OPART	1
71	43	71 43	71	43	OPART	1
71	44	71 44	71	44	OPART	1
71	45	71 45	71	45	OPART	1
71	46	71 46	71	46	OPART	1
71	47	71 47	71	47	OPART	1
71	48	71 48	71	48	OPART	1
71	49	71 49	71	49	OPART	1
71	50	71 50	71	50	OPART	1
71	51	71 51	71	51	OPART	1
71	52	71 52	71	52	OPART	1
71	53	71 53	71	53	OPART	1
71	54	71 54	71	54	OPART	1
71	55	71 55	71	55	OPART	1
71	56	71 56	71	56	OPART	1
71	57	71 57	71	57	OPART	1
71	58	71 58	71	58	OPART	1
71	59	71 59	71	59	OPART	1
71	60	71 60	71	60	OPART	1
71	61	71 61	71	61	OPART	1
71	62	71 62	71	62	OPART	1
71	63	71 63	71	63	OPART	1
71	64	71 64	71	64	OPART	1
71	65	71 65	71	65	OPART	1
71	66	71 66	71	66	OPART	1
71	67	71 67	71	67	OPART	1
71	68	71 68	71	68	OPART	1
71	69	71 69	71	69	OPART	1
71	70	71 70	71	70	OPART	1
72	0	72 0	72	0	OPART	1
72	1	72 1	72	1	OPART	1
72	2	72 2	72	2	OPART	1
72	3	72 3	72	3	OPART	1
72	4	72 4	72	4	OPART	1
72	5	72 5	72	5	OPART	1
72	6	72 6	72	6	OPART	1
72	7	72 7	72	7	OPART	1
72	8	72 8	72	8	OPART	1
72	9	72 9	72	9	OPART	1
72	10	72 10	72	10	OPART	1
72	11	72 11	72	11	OPART	1
72	12	72 12	72	12	OPART	1
72	13	72 13	72	13	OPART	1
72	14	72 14	72	14	OPART	1
72	15	72 15	72	15	OPART	1
72	16	72 16	72	16	OPART	1
72	17	72 17	72	17	OPART	1
72	18	72 18	72	18	OPART	1
72	19	72 19	72	19	OPART	1
72	20	72 20	72	20	OPART	1
72	21	72 21	72	21	OPART	1
72	22	72 22	72	22	OPART	1
72	23	72 23	72	23	OPART	1
72	24	72 24	72	24	OPART	1
72	25	72 25	72	25	OPART	1
72	26	72 26	72	26	OPART	1
72	27	72 27	72	27	OPART	1
72	28	72 28	72	28	OPART	1
72	29	72 29	72	29	OPART	1
72	30	72 30	72	30	OPART	1
72	31	72 31	72	31	OPART	1
72	32	72 32	72	32	OPART	1
72	33	72 33	72	33	OPART	1
72	34	72 34	72	34	OPART	1
72	35	72 35	72	35	OPART	1
72	36	72 36	72	36	OPART	1
72	37	72 37	72	37	OPART	1
72	38	72 38	72	38	OPART	1
72	39	72 39	72	39	OPART	1
72	40	72 40	72	40	OPART	1
72	41	72 41	72	41	OPART	1
72	42	72 42	72	42	OPART	1
72	43	72 43	72	43	OPART	1
72	44	72 44	72	44	OPART	1
72	45	72 45	72	45	OPART	1
72	46	72 46	72	46	OPART	1
72	47	72 47	72	47	OPART	1
72	48	72 48	72	48	OPART	1
72	49	72 49	72	49	OPART	1
72	50	72 50	72	50	OPART	1
72	51	72 51	72	51	OPART	1
72	52	72 52	72	52	OPART	1
72	53	72 53	72	53	OPART	1
72	54	72 54	72	54	OPART	1
72	55	72 55	72	55	OPART	1
72	56	72 56	72	56	OPART	1
72	57	72 57	72	57	OPART	1
72	58	72 58	72	58	OPART	1
72	59	72 59	72	59	OPART	1
72	60	72 60	72	60	OPART	1
72	61	72 61	72	61	OPART	1
72	62	72 62	72	62	OPART	1
72	63	72 63	72	63	OPART	1
72	64	72 64	72	64	OPART	1
72	65	72 65	72	65	OPART	1
72	66	72 66	72	66	OPART	1
72	67	72 67	72	67	OPART	1
72	68	72 68	72	68	OPART	1
72	69	72 69	72	69	OPART	1
72	70	72 70	72	70	OPART	1
72	71	72 71	72	71	OPART	1
73	0	73 0	73	0	OPART	1
73	1	73 1	73	1	OPART	1
73	2	73 2	73	2	OPART	1
73	3	73 3	73	3	OPART	1
73	4	73 4	73	4	OPART	1
73	5	73 5	73	5	OPART	1
73	6	73 6	73	6	OPART	1
73	7	73 7	73	7	OPART	1
73	8	73 8	73	8	OPART	1
73	9	73 9	73	9	OPART	1
73	10	73 10	73	10	OPART	1
73	11	73 11	73	11	OPART	1
73	12	73 12	73	12	OPART	1
73	13	73 13	73	13	OPART	1
73	14	73 14	73	14	OPART	1
73	15	73 15	73	15	OPART	1
73	16	73 16	73	16	OPART	1
73	17	73 17	73	17	OPART	1
73	18	73 18	73	18	OPART	1
73	19	73 19	73	19	OPART	1
73	20	73 20	73	20	OPART	1
73	21	73 21	73	21	OPART	1
73	22	73 22	73	22	OPART	1
73	23	73 23	73	23	OPART	1
73	24	73 24	73	24	OPART	1
73	25	73 25	73	25	OPART	1
73	26	73 26	73	26	OPART	1
73	27	73 27	73	27	OPART	1
73	28	73 28	73	28	OPART	1
73	29	73 29	73	29	OPART	1
73	30	73 30	73	30	OPART	1
73	31	73 31	73	31	OPART	1
73	32	73 32	73	32	OPART	1
73	33	73 33	73	33	OPART	1
73	34	73 34	73	34	OPART	1
73	35	73 35	73	35	OPART	1
73	36	73 36	73	36	OPART	1
73	37	73 37	73	37	OPART	1
73	38	73 38	73	38	OPART	1
73	39	73 39	73	39	OPART	1
73	40	73 40	73	40	OPART	1
73	41	73 41	73	41	OPART	1
73	42	73 42	73	42	OPART	1
73	43	73 43	73	43	OPART	1
73	44	73 44	73	44	OPART	1
73	45	73 45	73	45	OPART	1
73	46	73 46	73	46	OPART	1
73	47	73 47	73	47	OPART	1
73	48	73 48	73	48	OPART	1
73	49	73 49	73	49	OPART	1
73	50	73 50	73	50	OPART	1
73	51	73 51	73	51	OPART	1
73	52	73 52	73	52	OPART	1
73	53	73 53	73	53	OPART	1
73	54	73 54	73	54	OPART	1
73	55	73 55	73	55	OPART	1
73	56	73 56	73	56	OPART	1
73	57	73 57	73	57	OPART	1
73	58	73 58	73	58	OPART	1
73	59	73 59	73	59	OPART	1
73	60	73 60	73	60	OPART	1
73	61	73 61	73	61	OPART	1
73	62	73 62	73	62	OPART	1
73	63	73 63	73	63	OPART	1
73	64	73 64	73	64	OPART	1
73	65	73 65	73	65	OPART	1
73	66	73 66	73	66	OPART	1
73	67	73 67	73	67	OPART	1
73	68	73 68	73	68	OPART	1
73	69	73 69	73	69	OPART	1
73	70	73 70	73	70	OPART	1
73	71	73 71	73	71	OPART	1
73	72	73 72	73	72	OPART	1
74	0	74 0	74	0	OPART	1
74	1	74 1	74	1	OPART	1
74	2	74 2	74	2	OPART	1
74	3	74 3	74	3	OPART	1
74	4	74 4	74	4	OPART	1
74	5	74 5	74	5	OPART	1
74	6	74 6	74	6	OPART	1
74	7	74 7	74	7	OPART	1
74	8	74 8	74	8	OPART	1
74	9	74 9	74	9	OPART	1
74	10	74 10	74	10	OPART	1
74	11	74 11	74	11	OPART	1
74	12	74 12	74	12	OPART	1
74	13	74 13	74	13	OPART	1
74	14	74 14	74	14	OPART	1
74	15	74 15	74	15	OPART	1
74	16	74 16	74	16	OPART	1
74	17	74 17	74	17	OPART	1
74	18	74 18	74	18	OPART	1
74	19	74 19	74	19	OPART	1
74	20	74 20	74	20	OPART	1
74	21	74 21	74	21	OPART	1
74	22	74 22	74	22	OPART	1
74	23	74 23	74	23	OPART	1
74	24	74 24	74	24	OPART	1
74	25	74 25	74	25	OPART	1
74	26	74 26	74	26	OPART	1
74	27	74 27	74	27	OPART	1
74	28	74 28	74	28	OPART	1
74	29	74 29	74	29	OPART	1
74	30	74 30	74	30	OPART	1
74	31	74 31	74	31	OPART	1
74	32	74 32	74	32	OPART	1
74	33	74 33	74	33	OPART	1
74	34	74 34	74	34	OPART	1
74	35	74 35	74	35	OPART	1
74	36	74 36	74	36	OPART	1
74	37	74 37	74	37	OPART	1
74	38	74 38	74	38	OPART	1
74	39	74 39	74	39	OPART	1
74	40	74 40	74	40	OPART	1
74	41	74 41	74	41	OPART	1
74	42	74 42	74	42	OPART	1
74	43	74 43	74	43	OPART	1
74	44	74 44	74	44	OPART	1
74	45	74 45	74	45	OPART	1
74	46	74 46	74	46	OPART	1
74	47	74 47	74	47	OPART	1
74	48	74 48	74	48	OPART	1
74	49	74 49	74	49	OPART	1
74	50	74 50	74	50	OPART	1
74	51	74 51	74	51	OPART	1
74	52	74 52	74	52	OPART	1
74	53	74 53	74	53	OPART	1
74	54	74 54	74	54	OPART	1
74	55	74 55	74	55	OPART	1
74	56	74 56	74	56	OPART	1
74	57	74 57	74	57	OPART	1
74	58	74 58	74	58	OPART	1
74	59	74 59	74	59	OPART	1
74	60	74 60	74	60	OPART	1
74	61	74 61	74	61	OPART	1
74	62	74 62	74	62	OPART	1
74	63	74 63	74	63	OPART	1
74	64	74 64	74	64	OPART	1
74	65	74 65	74	65	OPART	1
74	66	74 66	74	66	OPART	1
74	67	74 67	74	67	OPART	1
74	68	74 68	74	68	OPART	1
74	69	74 69	74	69	OPART	1
74	70	74 70	74	70	OPART	1
74	71	74 71	74	71	OPART	1
74	72	74 72	74	72	OPART	1
74	73	74 73	74	73	OPART	1
75	0	75 0	75	0	OPART	1
75	1	75 1	75	1	OPART	1
75	2	75 2	75	2	OPART	1
75	3	75 3	75	3	OPART	1
75	4	75 4	75	4	OPART	1
75	5	75 5	75	5	OPART	1
75	6	75 6	75	6	OPART	1
75	7	75 7	75	7	OPART	1
75	8	75 8	75	8	OPART	1
75	9	75 9	75	9	OPART	1
75	10	75 10	75	10	OPART	1
75	11	75 11	75	11	OPART	1
75	12	75 12	75	12	OPART	1
75	13	75 13	75	13	OPART	1
75	14	75 14	75	14	OPART	1
75	15	75 15	75	15	OPART	1
75	16	75 16	75	16	OPART	1
75	17	75 17	75	17	OPART	1
75	18	75 18	75	18	OPART	1
75	19	75 19	75	19	OPART	1
75	20	75 20	75	20	OPART	1
75	21	75 21	75	21	OPART	1
75	22	75 22	75	22	OPART	1
75	23	75 23	75	23	OPART	1
75	24	75 24	75	24	OPART	1
75	25	75 25	75	25	OPART	1
75	26	75 26	75	26	OPART	1
75	27	75 27	75	27	OPART	1
75	28	75 28	75	28	OPART	1
75	29	75 29	75	29	OPART	1
75	30	75 30	75	30	OPART	1
75	31	75 31	75	31	OPART	1
75	32	75 32	75	32	OPART	1
75	33	75 33	75	33	OPART	1
75	34	75 34	75	34	OPART	1
75	35	75 35	75	35	OPART	1
75	36	75 36	75	36	OPART	1
75	37	75 37	75	37	OPART	1
75	38	75 38	75	38	OPART	1
75	39	75 39	75	39	OPART	1
75	40	75 40	75	40	OPART	1
75	41	75 41	75	41	OPART	1
75	42	75 42	75	42	OPART	1
75	43	75 43	75	43	OPART	1
75	44	75 44	75	44	OPART	1
75	45	75 45	75	45	OPART	1
75	46	75 46	75	46	OPART	1
75	47	75 47	75	47	OPART	1
75	48	75 48	75	48	OPART	1
75	49	75 49	75	49	OPART	1
75	50	75 50	75	50	OPART	1
75	51	75 51	75	51	OPART	1
75	52	75 52	75	52	OPART	1
75	53	75 53	75	53	OPART	1
75	54	75 54	75	54	OPART	1
75	55	75 55	75	55	OPART	1
75	56	75 56	75	56	OPART	1
75	57	75 57	75	57	OPART	1
75	58	75 58	75	58	OPART	1
75	59	75 59	75	59	OPART	1
75	60	75 60	75	60	OPART	1
75	61	75 61	75	61	OPART	1
75	62	75 62	75	62	OPART	1
75	63	75 63	75	63	OPART	1
75	64	75 64	75	64	OPART	1
75	65	75 65	75	65	OPART	1
75	66	75 66	75	66	OPART	1
75	67	75 67	75	67	OPART	1
75	68	75 68	75	68	OPART	1
75	69	75 69	75	69	OPART	1
75	70	75 70	75	70	OPART	1
75	71	75 71	75	71	OPART	1
75	72	75 72	75	72	OPART	1
75	73	75 73	75	73	OPART	1
75	74	75 74	75	74	OPART	1
76	0	76 0	76	0	OPART	1
76	1	76 1	76	1	OPART	1
76	2	76 2	76	2	OPART	1
76	3	76 3	76	3	OPART	1
76	4	76 4	76	4	OPART	1
76	5	76 5	76	5	OPART	1
76	6	76 6	76	6	OPART	1
76	7	76 7	76	7	OPART	1
76	8	76 8	76	8	OPART	1
76	9	76 9	76	9	OPART	1
76	10	76 10	76	10	OPART	1
76	11	76 11	76	11	OPART	1
76	12	76 12	76	12	OPART	1
76	13	76 13	76	13	OPART	1
76	14	76 14	76	14	OPART	1
76	15	76 15	76	15	OPART	1
76	16	76 16	76	16	OPART	1
76	17	76 17	76	17	OPART	1
76	18	76 18	76	18	OPART	1
76	19	76 19	76	19	OPART	1
76	20	76 20	76	20	OPART	1
76	21	76 21	76	21	OPART	1
76	22	76 22	76	22	OPART	1
76	23	76 23	76	23	OPART	1
76	24	76 24	76	24	OPART	1
76	25	76 25	76	25	OPART	1
76	26	76 26	76	26	OPART	1
76	27	76 27	76	27	OPART	1
76	28	76 28	76	28	OPART	1
76	29	76 29	76	29	OPART	1
76	30	76 30	76	30	OPART	1
76	31	76 31	76	31	OPART	1
76	32	76 32	76	32	OPART	1
76	33	76 33	76	33	OPART	1
76	34	76 34	76	34	OPART	1
76	35	76 35	76	35	OPART	1
76	36	76 36	76	36	OPART	1
76	37	76 37	76	37	OPART	1
76	38	76 38	76	38	OPART	1
76	39	76 39	76	39	OPART	1
76	40	76 40	76	40	OPART	1
76	41	76 41	76	41	OPART	1
76	42	76 42	76	42	OPART	1
76	43	76 43	76	43	OPART	1
76	44	76 44	76	44	OPART	1
76	45	76 45	76	45	OPART	1
76	46	76 46	76	46	OPART	1
76	47	76 47	76	47	OPART	1
76	48	76 48	76	48	OPART	1
76	49	76 49	76	49	OPART	1
76	50	76 50	76	50	OPART	1
76	51	76 51	76	51	OPART	1
76	52	76 52	76	52	OPART	1
76	53	76 53	76	53	OPART	1
76	54	76 54	76	54	OPART	1
76	55	76 55	76	55	OPART	1
76	56	76 56	76	56	OPART	1
76	57	76 57	76	57	OPART	1
76	58	76 58	76	58	OPART	1
76	59	76 59	76	59	OPART	1
76	60	76 60	76	60	OPART	1
76	61	76 61	76	61	OPART	1
76	62	76 62	76	62	OPART	1
76	63	76 63	76	63	OPART	1
76	64	76 64	76	64	OPART	1
76	65	76 65	76	65	OPART	1
76	66	76 66	76	66	OPART	1
76	67	76 67	76	67	OPART	1
76	68	76 68	76	68	OPART	1
76	69	76 69	76	69	OPART	1
76	70	76 70	76	70	OPART	1
76	71	76 71	76	71	OPART	1
76	72	76 72	76	72	OPART	1
76	73	76 73	76	73	OPART	1
76	74	76 74	76	74	OPART	1
76	75	76 75	76	75	OPART	1
77	0	77 0	77	0	OPART	1
77	1	77 1	77	1	OPART	1
77	2	77 2	77	2	OPART	1
77	3	77 3	77	3	OPART	1
77	4	77 4	77	4	OPART	1
77	5	77 5	77	5	OPART	1
77	6	77 6	77	6	OPART	1
77	7	77 7	77	7	OPART	1
77	8	77 8	77	8	OPART	1
77	9	77 9	77	9	OPART	1
77	10	77 10	77	10	OPART	1
77	11	77 11	77	11	OPART	1
77	12	77 12	77	12	OPART	1
77	13	77 13	77	13	OPART	1
77	14	77 14	77	14	OPART	1
77	15	77 15	77	15	OPART	1
77	16	77 16	77	16	OPART	1
77	17	77 17	77	17	OPART	1
77	18	77 18	77	18	OPART	1
77	19	77 19	77	19	OPART	1
77	20	77 20	77	20	OPART	1
77	21	77 21	77	21	OPART	1
77	22	77 22	77	22	OPART	1
77	23	77 23	77	23	OPART	1
77	24	77 24	77	24	OPART	1
77	25	77 25	77	25	OPART	1
77	26	77 26	77	26	OPART	1
77	27	77 27	77	27	OPART	1
77	28	77 28	77	28	OPART	1
77	29	77 29	77	29	OPART	1
77	30	77 30	77	30	OPART	1
77	31	77 31	77	31	OPART	1
77	32	77 32	77	32	OPART	1
77	33	77 33	77	33	OPART	1
77	34	77 34	77	34	OPART	1
77	35	77 35	77	35	OPART	1
77	36	77 36	77	36	OPART	1
77	37	77 37	77	37	OPART	1
77	38	77 38	77	38	OPART	1
77	39	77 39	77	39	OPART	1
77	40	77 40	77	40	OPART	1
77	41	77 41	77	41	OPART	1
77	42	77 42	77	42	OPART	1
77	43	77 43	77	43	OPART	1
77	44	77 44	77	44	OPART	1
77	45	77 45	77	45	OPART	1
77	46	77 46	77	46	OPART	1
77	47	77 47	77	47	OPART	1
77	48	77 48	77	48	OPART	1
77	49	77 49	77	49	OPART	1
77	50	77 50	77	50	OPART	1
77	51	77 51	77	51	OPART	1
77	52	77 52	77	52	OPART	1
77	53	77 53	77	53	OPART	1
77	54	77 54	77	54	OPART	1
77	55	77 55	77	55	OPART	1
77	56	77 56	77	56	OPART	1
77	57	77 57	77	57	OPART	1
77	58	77 58	77	58	OPART	1
77	59	77 59	77	59	OPART	1
77	60	77 60	77	60	OPART	1
77	61	77 61	77	61	OPART	1
77	62	77 62	77	62	OPART	1
77	63	77 63	77	63	OPART	1
77	64	77 64	77	64	OPART	1
77	65	77 65	77	65	OPART	1
77	66	77 66	77	66	OPART	1
77	67	77 67	77	67	OPART	1
77	68	77 68	77	68	OPART	1
77	69	77 69	77	69	OPART	1
77	70	77 70	77	70	OPART	1
77	71	77 71	77	71	OPART	1
77	72	77 72	77	72	OPART	1
77	73	77 73	77	73	OPART	1
77	74	77 74	77	74	OPART	1
77	75	77 75	77	75	OPART	1
77	76	77 76	77	76	OPART	1
78	0	78 0	78	0	OPART	1
78	1	78 1	78	1	OPART	1
78	2	78 2	78	2	OPART	1
78	3	78 3	78	3	OPART	1
78	4	78 4	78	4	OPART	1
78	5	78 5	78	5	OPART	1
78	6	78 6	78	6	OPART	1
78	7	78 7	78	7	OPART	1
78	8	78 8	78	8	OPART	1
78	9	78 9	78	9	OPART	1
78	10	78 10	78	10	OPART	1
78	11	78 11	78	11	OPART	1
78	12	78 12	78	12	OPART	1
78	13	78 13	78	13	OPART	1
78	14	78 14	78	14	OPART	1
78	15	78 15	78	15	OPART	1
78	16	78 16	78	16	OPART	1
78	17	78 17	78	17	OPART	1
78	18	78 18	78	18	OPART	1
78	19	78 19	78	19	OPART	1
78	20	78 20	78	20	OPART	1
78	21	78 21	78	21	OPART	1
78	22	78 22	78	22	OPART	1
78	23	78 23	78	23	OPART	1
78	24	78 24	78	24	OPART	1
78	25	78 25	78	25	OPART	1
78	26	78 26	78	26	OPART	1
78	27	78 27	78	27	OPART	1
78	28	78 28	78	28	OPART	1
78	29	78 29	78	29	OPART	1
78	30	78 30	78	30	OPART	1
78	31	78 31	78	31	OPART	1
78	32	78 32	78	32	OPART	1
78	33	78 33	78	33	OPART	1
78	34	78 34	78	34	OPART	1
78	35	78 35	78	35	OPART	1
78	36	78 36	78	36	OPART	1
78	37	78 37	78	37	OPART	1
78	38	78 38	78	38	OPART	1
78	39	78 39	78	39	OPART	1
78	40	78 40	78	40	OPART	1
78	41	78 41	78	41	OPART	1
78	42	78 42	78	42	OPART	1
78	43	78 43	78	43	OPART	1
78	44	78 44	78	44	OPART	1
78	45	78 45	78	45	OPART	1
78	46	78 46	78	46	OPART	1
78	47	78 47	78	47	OPART	1
78	48	78 48	78	48	OPART	1
78	49	78 49	78	49	OPART	1
78	50	78 50	78	50	OPART	1
78	51	78 51	78	51	OPART	1
78	52	78 52	78	52	OPART	1
78	53	78 53	78	53	OPART	1
78	54	78 54	78	54	OPART	1
78	55	78 55	78	55	OPART	1
78	56	78 56	78	56	OPART	1
78	57	78 57	78	57	OPART	1
78	58	78 58	78	58	OPART	1
78	59	78 59	78	59	OPART	1
78	60	78 60	78	60	OPART	1
78	61	78 61	78	61	OPART	1
78	62	78 62	78	62	OPART	1
78	63	78 63	78	63	OPART	1
78	64	78 64	78	64	OPART	1
78	65	78 65	78	65	OPART	1
78	66	78 66	78	66	OPART	1
78	67	78 67	78	67	OPART	1
78	68	78 68	78	68	OPART	1
78	69	78 69	78	69	OPART	1
78	70	78 70	78	70	OPART	1
78	71	78 71	78	71	OPART	1
78	72	78 72	78	72	OPART	1
78	73	78 73	78	73	OPART	1
78	74	78 74	78	74	OPART	1
78	75	78 75	78	75	OPART	1
78	76	78 76	78	76	OPART	1
78	77	78 77	78	77	OPART	1
79	0	79 0	79	0	OPART	1
79	1	79 1	79	1	OPART	1
79	2	79 2	79	2	OPART	1
79	3	79 3	79	3	OPART	1
79	4	79 4	79	4	OPART	1
79	5	79 5	79	5	OPART	1
79	6	79 6	79	6	OPART	1
79	7	79 7	79	7	OPART	1
79	8	79 8	79	8	OPART	1
79	9	79 9	79	9	OPART	1
79	10	79 10	79	10	OPART	1
79	11	79 11	79	11	OPART	1
79	12	79 12	79	12	OPART	1
79	13	79 13	79	13	OPART	1
79	14	79 14	79	14	OPART	1
79	15	79 15	79	15	OPART	1
79	16	79 16	79	16	OPART	1
79	17	79 17	79	17	OPART	1
79	18	79 18	79	18	OPART	1
79	19	79 19	79	19	OPART	1
79	20	79 20	79	20	OPART	1
79	21	79 21	79	21	OPART	1
79	22	79 22	79	22	OPART	1
79	23	79 23	79	23	OPART	1
79	24	79 24	79	24	OPART	1
79	25	79 25	79	25	OPART	1
79	26	79 26	79	26	OPART	1
79	27	79 27	79	27	OPART	1
79	28	79 28	79	28	OPART	1
79	29	79 29	79	29	OPART	1
79	30	79 30	79	30	OPART	1
79	31	79 31	79	31	OPART	1
79	32	79 32	79	32	OPART	1
79	33	79 33	79	33	OPART	1
79	34	79 34	79	34	OPART	1
79	35	79 35	79	35	OPART	1
79	36	79 36	79	36	OPART	1
79	37	79 37	79	37	OPART	1
79	38	79 38	79	38	OPART	1
79	39	79 39	79	39	OPART	1
79	40	79 40	79	40	OPART	1
79	41	79 41	79	41	OPART	1
79	42	79 42	79	42	OPART	1
79	43	79 43	79	43	OPART	1
79	44	79 44	79	44	OPART	1
79	45	79 45	79	45	OPART	1
79	46	79 46	79	46	OPART	1
79	47	79 47	79	47	OPART	1
79	48	79 48	79	48	OPART	1
79	49	79 49	79	49	OPART	1
79	50	79 50	79	50	OPART	1
79	51	79 51	79	51	OPART	1
79	52	79 52	79	52	OPART	1
79	53	79 53	79	53	OPART	1
79	54	79 54	79	54	OPART	1
79	55	79 55	79	55	OPART	1
79	56	79 56	79	56	OPART	1
79	57	79 57	79	57	OPART	1
79	58	79 58	79	58	OPART	1
79	59	79 59	79	59	OPART	1
79	60	79 60	79	60	OPART	1
79	61	79 61	79	61	OPART	1
79	62	79 62	79	62	OPART	1
79	63	79 63	79	63	OPART	1
79	64	79 64	79	64	OPART	1
79	65	79 65	79	65	OPART	1
79	66	79 66	79	66	OPART	1
79	67	79 67	79	67	OPART	1
79	68	79 68	79	68	OPART	1
79	69	79 69	79	69	OPART	1
79	70	79 70	79	70	OPART	1
79	71	79 71	79	71	OPART	1
79	72	79 72	79	72	OPART	1
79	73	79 73	79	73	OPART	1
79	74	79 74	79	74	OPART	1
79	75	79 75	79	75	OPART	1
79	76	79 76	79	76	OPART	1
79	77	79 77	79	77	OPART	1
79	78	79 78	79	78	OPART	1
80	0	80 0	80	0	OPART	1
80	1	80 1	80	1	OPART	1
80	2	80 2	80	2	OPART	1
80	3	80 3	80	3	OPART	1
80	4	80 4	80	4	OPART	1
80	5	80 5	80	5	OPART	1
80	6	80 6	80	6	OPART	1
80	7	80 7	80	7	OPART	1
80	8	80 8	80	8	OPART	1
80	9	80 9	80	9	OPART	1
80	10	80 10	80	10	OPART	1
80	11	80 11	80	11	OPART	1
80	12	80 12	80	12	OPART	1
80	13	80 13	80	13	OPART	1
80	14	80 14	80	14	OPART	1
80	15	80 15	80	15	OPART	1
80	16	80 16	80	16	OPART	1
80	17	80 17	80	17	OPART	1
80	18	80 18	80	18	OPART	1
80	19	80 19	80	19	OPART	1
80	20	80 20	80	20	OPART	1
80	21	80 21	80	21	OPART	1
80	22	80 22	80	22	OPART	1
80	23	80 23	80	23	OPART	1
80	24	80 24	80	24	OPART	1
80	25	80 25	80	25	OPART	1
80	26	80 26	80	26	OPART	1
80	27	80 27	80	27	OPART	1
80	28	80 28	80	28	OPART	1
80	29	80 29	80	29	OPART	1
80	30	80 30	80	30	OPART	1
80	31	80 31	80	31	OPART	1
80	32	80 32	80	32	OPART	1
80	33	80 33	80	33	OPART	1
80	34	80 34	80	34	OPART	1
80	35	80 35	80	35	OPART	1
80	36	80 36	80	36	OPART	1
80	37	80 37	80	37	OPART	1
80	38	80 38	80	38	OPART	1
80	39	80 39	80	39	OPART	1
80	40	80 40	80	40	OPART	1
80	41	80 41	80	41	OPART	1
80	42	80 42	80	42	OPART	1
80	43	80 43	80	43	OPART	1
80	44	80 44	80	44	OPART	1
80	45	80 45	80	45	OPART	1
80	46	80 46	80	46	OPART	1
80	47	80 47	80	47	OPART	1
80	48	80 48	80	48	OPART	1
80	49	80 49	80	49	OPART	1
80	50	80 50	80	50	OPART	1
80	51	80 51	80	51	OPART	1
80	52	80 52	80	52	OPART	1
80	53	80 53	80	53	OPART	1
80	54	80 54	80	54	OPART	1
80	55	80 55	80	55	OPART	1
80	56	80 56	80	56	OPART	1
80	57	80 57	80	57	OPART	1
80	58	80 58	80	58	OPART	1
80	59	80 59	80	59	OPART	1
80	60	80 60	80	60	OPART	1
80	61	80 61	80	61	OPART	1
80	62	80 62	80	62	OPART	1
80	63	80 63	80	63	OPART	1
80	64	80 64	80	64	OPART	1
80	65	80 65	80	65	OPART	1
80	66	80 66	80	66	OPART	1
80	67	80 67	80	67	OPART	1
80	68	80 68	80	68	OPART	1
80	69	80 69	80	69	OPART	1
80	70	80 70	80	70	OPART	1
80	71	80 71	80	71	OPART	1
80	72	80 72	80	72	OPART	1
80	73	80 73	80	73	OPART	1
80	74	80 74	80	74	OPART	1
80	75	80 75	80	75	OPART	1
80	76	80 76	80	76	OPART	1
80	77	80 77	80	77	OPART	1
80	78	80 78	80	78	OPART	1
80	79	80 79	80	79	OPART	1
81	0	81 0	81	0	OPART	1
81	1	81 1	81	1	OPART	1
81	2	81 2	81	2	OPART	1
81	3	81 3	81	3	OPART	1
81	4	81 4	81	4	OPART	1
81	5	81 5	81	5	OPART	1
81	6	81 6	81	6	OPART	1
81	7	81 7	81	7	OPART	1
81	8	81 8	81	8	OPART	1
81	9	81 9	81	9	OPART	1
81	10	81 10	81	10	OPART	1
81	11	81 11	81	11	OPART	1
81	12	81 12	81	12	OPART	1
81	13	81 13	81	13	OPART	1
81	14	81 14	81	14	OPART	1
81	15	81 15	81	15	OPART	1
81	16	81 16	81	16	OPART	1
81	17	81 17	81	17	OPART	1
81	18	81 18	81	18	OPART	1
81	19	81 19	81	19	OPART	1
81	20	81 20	81	20	OPART	1
81	21	81 21	81	21	OPART	1
81	22	81 22	81	22	OPART	1
81	23	81 23	81	23	OPART	1
81	24	81 24	81	24	OPART	1
81	25	81 25	81	25	OPART	1
81	26	81 26	81	26	OPART	1
81	27	81 27	81	27	OPART	1
81	28	81 28	81	28	OPART	1
81	29	81 29	81	29	OPART	1
81	30	81 30	81	30	OPART	1
81	31	81 31	81	31	OPART	1
81	32	81 32	81	32	OPART	1
81	33	81 33	81	33	OPART	1
81	34	81 34	81	34	OPART	1
81	35	81 35	81	35	OPART	1
81	36	81 36	81	36	OPART	1
81	37	81 37	81	37	OPART	1
81	38	81 38	81	38	OPART	1
81	39	81 39	81	39	OPART	1
81	40	81 40	81	40	OPART	1
81	41	81 41	81	41	OPART	1
81	42	81 42	81	42	OPART	1
81	43	81 43	81	43	OPART	1
81	44	81 44	81	44	OPART	1
81	45	81 45	81	45	OPART	1
81	46	81 46	81	46	OPART	1
81	47	81 47	81	47	OPART	1
81	48	81 48	81	48	OPART	1
81	49	81 49	81	49	OPART	1
81	50	81 50	81	50	OPART	1
81	51	81 51	81	51	OPART	1
81	52	81 52	81	52	OPART	1
81	53	81 53	81	53	OPART	1
81	54	81 54	81	54	OPART	1
81	55	81 55	81	55	OPART	1
81	56	81 56	81	56	OPART	1
81	57	81 57	81	57	OPART	1
81	58	81 58	81	58	OPART	1
81	59	81 59	81	59	OPART	1
81	60	81 60	81	60	OPART	1
81	61	81 61	81	61	OPART	1
81	62	81 62	81	62	OPART	1
81	63	81 63	81	63	OPART	1
81	64	81 64	81	64	OPART	1
81	65	81 65	81	65	OPART	1
81	66	81 66	81	66	OPART	1
81	67	81 67	81	67	OPART	1
81	68	81 68	81	68	OPART	1
81	69	81 69	81	69	OPART	1
81	70	81 70	81	70	OPART	1
81	71	81 71	81	71	OPART	1
81	72	81 72	81	72	OPART	1
81	73	81 73	81	73	OPART	1
81	74	81 74	81	74	OPART	1
81	75	81 75	81	75	OPART	1
81	76	81 76	81	76	OPART	1
81	77	81 77	81	77	OPART	1
81	78	81 78	81	78	OPART	1
81	79	81 79	81	79	OPART	1
81	80	81 80	81	80	OPART	1
82	0	82 0	82	0	OPART	1
82	1	82 1	82	1	OPART	1
82	2	82 2	82	2	OPART	1
82	3	82 3	82	3	OPART	1
82	4	82 4	82	4	OPART	1
82	5	82 5	82	5	OPART	1
82	6	82 6	82	6	OPART	1
82	7	82 7	82	7	OPART	1
82	8	82 8	82	8	OPART	1
82	9	82 9	82	9	OPART	1
82	10	82 10	82	10	OPART	1
82	11	82 11	82	11	OPART	1
82	12	82 12	82	12	OPART	1
82	13	82 13	82	13	OPART	1
82	14	82 14	82	14	OPART	1
82	15	82 15	82	15	OPART	1
82	16	82 16	82	16	OPART	1
82	17	82 17	82	17	OPART	1
82	18	82 18	82	18	OPART	1
82	19	82 19	82	19	OPART	1
82	20	82 20	82	20	OPART	1
82	21	82 21	82	21	OPART	1
82	22	82 22	82	22	OPART	1
82	23	82 23	82	23	OPART	1
82	24	82 24	82	24	OPART	1
82	25	82 25	82	25	OPART	1
82	26	82 26	82	26	OPART	1
82	27	82 27	82	27	OPART	1
82	28	82 28	82	28	OPART	1
82	29	82 29	82	29	OPART	1
82	30	82 30	82	30	OPART	1
82	31	82 31	82	31	OPART	1
82	32	82 32	82	32	OPART	1
82	33	82 33	82	33	OPART	1
82	34	82 34	82	34	OPART	1
82	35	82 35	82	35	OPART	1
82	36	82 36	82	36	OPART	1
82	37	82 37	82	37	OPART	1
82	38	82 38	82	38	OPART	1
82	39	82 39	82	39	OPART	1
82	40	82 40	82	40	OPART	1
82	41	82 41	82	41	OPART	1
82	42	82 42	82	42	OPART	1
82	43	82 43	82	43	OPART	1
82	44	82 44	82	44	OPART	1
82	45	82 45	82	45	OPART	1
82	46	82 46	82	46	OPART	1
82	47	82 47	82	47	OPART	1
82	48	82 48	82	48	OPART	1
82	49	82 49	82	49	OPART	1
82	50	82 50	82	50	OPART	1
82	51	82 51	82	51	OPART	1
82	52	82 52	82	52	OPART	1
82	53	82 53	82	53	OPART	1
82	54	82 54	82	54	OPART	1
82	55	82 55	82	55	OPART	1
82	56	82 56	82	56	OPART	1
82	57	82 57	82	57	OPART	1
82	58	82 58	82	58	OPART	1
82	59	82 59	82	59	OPART	1
82	60	82 60	82	60	OPART	1
82	61	82 61	82	61	OPART	1
82	62	82 62	82	62	OPART	1
82	63	82 63	82	63	OPART	1
82	64	82 64	82	64	OPART	1
82	65	82 65	82	65	OPART	1
82	66	82 66	82	66	OPART	1
82	67	82 67	82	67	OPART	1
82	68	82 68	82	68	OPART	1
82	69	82 69	82	69	OPART	1
82	70	82 70	82	70	OPART	1
82	71	82 71	82	71	OPART	1
82	72	82 72	82	72	OPART	1
82	73	82 73	82	73	OPART	1
82	74	82 74	82	74	OPART	1
82	75	82 75	82	75	OPART	1
82	76	82 76	82	76	OPART	1
82	77	82 77	82	77	OPART	1
82	78	82 78	82	78	OPART	1
82	79	82 79	82	79	OPART	1
82	80	82 80	82	80	OPART	1
82	81	82 81	82	81	OPART	1
83	0	83 0	83	0	OPART	1
83	1	83 1	83	1	OPART	1
83	2	83 2	83	2	OPART	1
83	3	83 3	83	3	OPART	1
83	4	83 4	83	4	OPART	1
83	5	83 5	83	5	OPART	1
83	6	83 6	83	6	OPART	1
83	7	83 7	83	7	OPART	1
83	8	83 8	83	8	OPART	1
83	9	83 9	83	9	OPART	1
83	10	83 10	83	10	OPART	1
83	11	83 11	83	11	OPART	1
83	12	83 12	83	12	OPART	1
83	13	83 13	83	13	OPART	1
83	14	83 14	83	14	OPART	1
83	15	83 15	83	15	OPART	1
83	16	83 16	83	16	OPART	1
83	17	83 17	83	17	OPART	1
83	18	83 18	83	18	OPART	1
83	19	83 19	83	19	OPART	1
83	20	83 20	83	20	OPART	1
83	21	83 21	83	21	OPART	1
83	22	83 22	83	22	OPART	1
83	23	83 23	83	23	OPART	1
83	24	83 24	83	24	OPART	1
83	25	83 25	83	25	OPART	1
83	26	83 26	83	26	OPART	1
83	27	83 27	83	27	OPART	1
83	28	83 28	83	28	OPART	1
83	29	83 29	83	29	OPART	1
83	30	83 30	83	30	OPART	1
83	31	83 31	83	31	OPART	1
83	32	83 32	83	32	OPART	1
83	33	83 33	83	33	OPART	1
83	34	83 34	83	34	OPART	1
83	35	83 35	83	35	OPART	1
83	36	83 36	83	36	OPART	1
83	37	83 37	83	37	OPART	1
83	38	83 38	83	38	OPART	1
83	39	83 39	83	39	OPART	1
83	40	83 40	83	40	OPART	1
83	41	83 41	83	41	OPART	1
83	42	83 42	83	42	OPART	1
83	43	83 43	83	43	OPART	1
83	44	83 44	83	44	OPART	1
83	45	83 45	83	45	OPART	1
83	46	83 46	83	46	OPART	1
83	47	83 47	83	47	OPART	1
83	48	83 48	83	48	OPART	1
83	49	83 49	83	49	OPART	1
83	50	83 50	83	50	OPART	1
83	51	83 51	83	51	OPART	1
83	52	83 52	83	52	OPART	1
83	53	83 53	83	53	OPART	1
83	54	83 54	83	54	OPART	1
83	55	83 55	83	55	OPART	1
83	56	83 56	83	56	OPART	1
83	57	83 57	83	57	OPART	1
83	58	83 58	83	58	OPART	1
83	59	83 59	83	59	OPART	1
83	60	83 60	83	60	OPART	1
83	61	83 61	83	61	OPART	1
83	62	83 62	83	62	OPART	1
83	63	83 63	83	63	OPART	1
83	64	83 64	83	64	OPART	1
83	65	83 65	83	65	OPART	1
83	66	83 66	83	66	OPART	1
83	67	83 67	83	67	OPART	1
83	68	83 68	83	68	OPART	1
83	69	83 69	83	69	OPART	1
83	70	83 70	83	70	OPART	1
83	71	83 71	83	71	OPART	1
83	72	83 72	83	72	OPART	1
83	73	83 73	83	73	OPART	1
83	74	83 74	83	74	OPART	1
83	75	83 75	83	75	OPART	1
83	76	83 76	83	76	OPART	1
83	77	83 77	83	77	OPART	1
83	78	83 78	83	78	OPART	1
83	79	83 79	83	79	OPART	1
83	80	83 80	83	80	OPART	1
83	81	83 81	83	81	OPART	1
83	82	83 82	83	82	OPART	1
84	0	84 0	84	0	OPART	1
84	1	84 1	84	1	OPART	1
84	2	84 2	84	2	OPART	1
84	3	84 3	84	3	OPART	1
84	4	84 4	84	4	OPART	1
84	5	84 5	84	5	OPART	1
84	6	84 6	84	6	OPART	1
84	7	84 7	84	7	OPART	1
84	8	84 8	84	8	OPART	1
84	9	84 9	84	9	OPART	1
84	10	84 10	84	10	OPART	1
84	11	84 11	84	11	OPART	1
84	12	84 12	84	12	OPART	1
84	13	84 13	84	13	OPART	1
84	14	84 14	84	14	OPART	1
84	15	84 15	84	15	OPART	1
84	16	84 16	84	16	OPART	1
84	17	84 17	84	17	OPART	1
84	18	84 18	84	18	OPART	1
84	19	84 19	84	19	OPART	1
84	20	84 20	84	20	OPART	1
84	21	84 21	84	21	OPART	1
84	22	84 22	84	22	OPART	1
84	23	84 23	84	23	OPART	1
84	24	84 24	84	24	OPART	1
84	25	84 25	84	25	OPART	1
84	26	84 26	84	26	OPART	1
84	27	84 27	84	27	OPART	1
84	28	84 28	84	28	OPART	1
84	29	84 29	84	29	OPART	1
84	30	84 30	84	30	OPART	1
84	31	84 31	84	31	OPART	1
84	32	84 32	84	32	OPART	1
84	33	84 33	84	33	OPART	1
84	34	84 34	84	34	OPART	1
84	35	84 35	84	35	OPART	1
84	36	84 36	84	36	OPART	1
84	37	84 37	84	37	OPART	1
84	38	84 38	84	38	OPART	1
84	39	84 39	84	39	OPART	1
84	40	84 40	84	40	OPART	1
84	41	84 41	84	41	OPART	1
84	42	84 42	84	42	OPART	1
84	43	84 43	84	43	OPART	1
84	44	84 44	84	44	OPART	1
84	45	84 45	84	45	OPART	1
84	46	84 46	84	46	OPART	1
84	47	84 47	84	47	OPART	1
84	48	84 48	84	48	OPART	1
84	49	84 49	84	49	OPART	1
84	50	84 50	84	50	OPART	1
84	51	84 51	84	51	OPART	1
84	52	84 52	84	52	OPART	1
84	53	84 53	84	53	OPART	1
84	54	84 54	84	54	OPART	1
84	55	84 55	84	55	OPART	1
84	56	84 56	84	56	OPART	1
84	57	84 57	84	57	OPART	1
84	58	84 58	84	58	OPART	1
84	59	84 59	84	59	OPART	1
84	60	84 60	84	60	OPART	1
84	61	84 61	84	61	OPART	1
84	62	84 62	84	62	OPART	1
84	63	84 63	84	63	OPART	1
84	64	84 64	84	64	OPART	1
84	65	84 65	84	65	OPART	1
84	66	84 66	84	66	OPART	1
84	67	84 67	84	67	OPART	1
84	68	84 68	84	68	OPART	1
84	69	84 69	84	69	OPART	1
84	70	84 70	84	70	OPART	1
84	71	84 71	84	71	OPART	1
84	72	84 72	84	72	OPART	1
84	73	84 73	84	73	OPART	1
84	74	84 74	84	74	OPART	1
84	75	84 75	84	75	OPART	1
84	76	84 76	84	76	OPART	1
84	77	84 77	84	77	OPART	1
84	78	84 78	84	78	OPART	1
84	79	84 79	84	79	OPART	1
84	80	84 80	84	80	OPART	1
84	81	84 81	84	81	OPART	1
84	82	84 82	84	82	OPART	1
84	83	84 83	84	83	OPART	1
85	0	85 0	85	0	OPART	1
85	1	85 1	85	1	OPART	1
85	2	85 2	85	2	OPART	1
85	3	85 3	85	3	OPART	1
85	4	85 4	85	4	OPART	1
85	5	85 5	85	5	OPART	1
85	6	85 6	85	6	OPART	1
85	7	85 7	85	7	OPART	1
85	8	85 8	85	8	OPART	1
85	9	85 9	85	9	OPART	1
85	10	85 10	85	10	OPART	1
85	11	85 11	85	11	OPART	1
85	12	85 12	85	12	OPART	1
85	13	85 13	85	13	OPART	1
85	14	85 14	85	14	OPART	1
85	15	85 15	85	15	OPART	1
85	16	85 16	85	16	OPART	1
85	17	85 17	85	17	OPART	1
85	18	85 18	85	18	OPART	1
85	19	85 19	85	19	OPART	1
85	20	85 20	85	20	OPART	1
85	21	85 21	85	21	OPART	1
85	22	85 22	85	22	OPART	1
85	23	85 23	85	23	OPART	1
85	24	85 24	85	24	OPART	1
85	25	85 25	85	25	OPART	1
85	26	85 26	85	26	OPART	1
85	27	85 27	85	27	OPART	1
85	28	85 28	85	28	OPART	1
85	29	85 29	85	29	OPART	1
85	30	85 30	85	30	OPART	1
85	31	85 31	85	31	OPART	1
85	32	85 32	85	32	OPART	1
85	33	85 33	85	33	OPART	1
85	34	85 34	85	34	OPART	1
85	35	85 35	85	35	OPART	1
85	36	85 36	85	36	OPART	1
85	37	85 37	85	37	OPART	1
85	38	85 38	85	38	OPART	1
85	39	85 39	85	39	OPART	1
85	40	85 40	85	40	OPART	1
85	41	85 41	85	41	OPART	1
85	42	85 42	85	42	OPART	1
85	43	85 43	85	43	OPART	1
85	44	85 44	85	44	OPART	1
85	45	85 45	85	45	OPART	1
85	46	85 46	85	46	OPART	1
85	47	85 47	85	47	OPART	1
85	48	85 48	85	48	OPART	1
85	49	85 49	85	49	OPART	1
85	50	85 50	85	50	OPART	1
85	51	85 51	85	51	OPART	1
85	52	85 52	85	52	OPART	1
85	53	85 53	85	53	OPART	1
85	54	85 54	85	54	OPART	1
85	55	85 55	85	55	OPART	1
85	56	85 56	85	56	OPART	1
85	57	85 57	85	57	OPART	1
85	58	85 58	85	58	OPART	1
85	59	85 59	85	59	OPART	1
85	60	85 60	85	60	OPART	1
85	61	85 61	85	61	OPART	1
85	62	85 62	85	62	OPART	1
85	63	85 63	85	63	OPART	1
85	64	85 64	85	64	OPART	1
85	65	85 65	85	65	OPART	1
85	66	85 66	85	66	OPART	1
85	67	85 67	85	67	OPART	1
85	68	85 68	85	68	OPART	1
85	69	85 69	85	69	OPART	1
85	70	85 70	85	70	OPART	1
85	71	85 71	85	71	OPART	1
85	72	85 72	85	72	OPART	1
85	73	85 73	85	73	OPART	1
85	74	85 74	85	74	OPART	1
85	75	85 75	85	75	OPART	1
85	76	85 76	85	76	OPART	1
85	77	85 77	85	77	OPART	1
85	78	85 78	85	78	OPART	1
85	79	85 79	85	79	OPART	1
85	80	85 80	85	80	OPART	1
85	81	85 81	85	81	OPART	1
85	82	85 82	85	82	OPART	1
85	83	85 83	85	83	OPART	1
85	84	85 84	85	84	OPART	1
86	0	86 0	86	0	OPART	1
86	1	86 1	86	1	OPART	1
86	2	86 2	86	2	OPART	1
86	3	86 3	86	3	OPART	1
86	4	86 4	86	4	OPART	1
86	5	86 5	86	5	OPART	1
86	6	86 6	86	6	OPART	1
86	7	86 7	86	7	OPART	1
86	8	86 8	86	8	OPART	1
86	9	86 9	86	9	OPART	1
86	10	86 10	86	10	OPART	1
86	11	86 11	86	11	OPART	1
86	12	86 12	86	12	OPART	1
86	13	86 13	86	13	OPART	1
86	14	86 14	86	14	OPART	1
86	15	86 15	86	15	OPART	1
86	16	86 16	86	16	OPART	1
86	17	86 17	86	17	OPART	1
86	18	86 18	86	18	OPART	1
86	19	86 19	86	19	OPART	1
86	20	86 20	86	20	OPART	1
86	21	86 21	86	21	OPART	1
86	22	86 22	86	22	OPART	1
86	23	86 23	86	23	OPART	1
86	24	86 24	86	24	OPART	1
86	25	86 25	86	25	OPART	1
86	26	86 26	86	26	OPART	1
86	27	86 27	86	27	OPART	1
86	28	86 28	86	28	OPART	1
86	29	86 29	86	29	OPART	1
86	30	86 30	86	30	OPART	1
86	31	86 31	86	31	OPART	1
86	32	86 32	86	32	OPART	1
86	33	86 33	86	33	OPART	1
86	34	86 34	86	34	OPART	1
86	35	86 35	86	35	OPART	1
86	36	86 36	86	36	OPART	1
86	37	86 37	86	37	OPART	1
86	38	86 38	86	38	OPART	1
86	39	86 39	86	39	OPART	1
86	40	86 40	86	40	OPART	1
86	41	86 41	86	41	OPART	1
86	42	86 42	86	42	OPART	1
86	43	86 43	86	43	OPART	1
86	44	86 44	86	44	OPART	1
86	45	86 45	86	45	OPART	1
86	46	86 46	86	46	OPART	1
86	47	86 47	86	47	OPART	1
86	48	86 48	86	48	OPART	1
86	49	86 49	86	49	OPART	1
86	50	86 50	86	50	OPART	1
86	51	86 51	86	51	OPART	1
86	52	86 52	86	52	OPART	1
86	53	86 53	86	53	OPART	1
86	54	86 54	86	54	OPART	1
86	55	86 55	86	55	OPART	1
86	56	86 56	86	56	OPART	1
86	57	86 57	86	57	OPART	1
86	58	86 58	86	58	OPART	1
86	59	86 59	86	59	OPART	1
86	60	86 60	86	60	OPART	1
86	61	86 61	86	61	OPART	1
86	62	86 62	86	62	OPART	1
86	63	86 63	86	63	OPART	1
86	64	86 64	86	64	OPART	1
86	65	86 65	86	65	OPART	1
86	66	86 66	86	66	OPART	1
86	67	86 67	86	67	OPART	1
86	68	86 68	86	68	OPART	1
86	69	86 69	86	69	OPART	1
86	70	86 70	86	70	OPART	1
86	71	86 71	86	71	OPART	1
86	72	86 72	86	72	OPART	1
86	73	86 73	86	73	OPART	1
86	74	86 74	86	74	OPART	1
86	75	86 75	86	75	OPART	1
86	76	86 76	86	76	OPART	1
86	77	86 77	86	77	OPART	1
86	78	86 78	86	78	OPART	1
86	79	86 79	86	79	OPART	1
86	80	86 80	86	80	OPART	1
86	81	86 81	86	81	OPART	1
86	82	86 82	86	82	OPART	1
86	83	86 83	86	83	OPART	1
86	84	86 84	86	84	OPART	1
86	85	86 85	86	85	OPART	1
87	0	87 0	87	0	OPART	1
87	1	87 1	87	1	OPART	1
87	2	87 2	87	2	OPART	1
87	3	87 3	87	3	OPART	1
87	4	87 4	87	4	OPART	1
87	5	87 5	87	5	OPART	1
87	6	87 6	87	6	OPART	1
87	7	87 7	87	7	OPART	1
87	8	87 8	87	8	OPART	1
87	9	87 9	87	9	OPART	1
87	10	87 10	87	10	OPART	1
87	11	87 11	87	11	OPART	1
87	12	87 12	87	12	OPART	1
87	13	87 13	87	13	OPART	1
87	14	87 14	87	14	OPART	1
87	15	87 15	87	15	OPART	1
87	16	87 16	87	16	OPART	1
87	17	87 17	87	17	OPART	1
87	18	87 18	87	18	OPART	1
87	19	87 19	87	19	OPART	1
87	20	87 20	87	20	OPART	1
87	21	87 21	87	21	OPART	1
87	22	87 22	87	22	OPART	1
87	23	87 23	87	23	OPART	1
87	24	87 24	87	24	OPART	1
87	25	87 25	87	25	OPART	1
87	26	87 26	87	26	OPART	1
87	27	87 27	87	27	OPART	1
87	28	87 28	87	28	OPART	1
87	29	87 29	87	29	OPART	1
87	30	87 30	87	30	OPART	1
87	31	87 31	87	31	OPART	1
87	32	87 32	87	32	OPART	1
87	33	87 33	87	33	OPART	1
87	34	87 34	87	34	OPART	1
87	35	87 35	87	35	OPART	1
87	36	87 36	87	36	OPART	1
87	37	87 37	87	37	OPART	1
87	38	87 38	87	38	OPART	1
87	39	87 39	87	39	OPART	1
87	40	87 40	87	40	OPART	1
87	41	87 41	87	41	OPART	1
87	42	87 42	87	42	OPART	1
87	43	87 43	87	43	OPART	1
87	44	87 44	87	44	OPART	1
87	45	87 45	87	45	OPART	1
87	46	87 46	87	46	OPART	1
87	47	87 47	87	47	OPART	1
87	48	87 48	87	48	OPART	1
87	49	87 49	87	49	OPART	1
87	50	87 50	87	50	OPART	1
87	51	87 51	87	51	OPART	1
87	52	87 52	87	52	OPART	1
87	53	87 53	87	53	OPART	1
87	54	87 54	87	54	OPART	1
87	55	87 55	87	55	OPART	1
87	56	87 56	87	56	OPART	1
87	57	87 57	87	57	OPART	1
87	58	87 58	87	58	OPART	1
87	59	87 59	87	59	OPART	1
87	60	87 60	87	60	OPART	1
87	61	87 61	87	61	OPART	1
87	62	87 62	87	62	OPART	1
87	63	87 63	87	63	OPART	1
87	64	87 64	87	64	OPART	1
87	65	87 65	87	65	OPART	1
87	66	87 66	87	66	OPART	1
87	67	87 67	87	67	OPART	1
87	68	87 68	87	68	OPART	1
87	69	87 69	87	69	OPART	1
87	70	87 70	87	70	OPART	1
87	71	87 71	87	71	OPART	1
87	72	87 72	87	72	OPART	1
87	73	87 73	87	73	OPART	1
87	74	87 74	87	74	OPART	1
87	75	87 75	87	75	OPART	1
87	76	87 76	87	76	OPART	1
87	77	87 77	87	77	OPART	1
87	78	87 78	87	78	OPART	1
87	79	87 79	87	79	OPART	1
87	80	87 80	87	80	OPART	1
87	81	87 81	87	81	OPART	1
87	82	87 82	87	82	OPART	1
87	83	87 83	87	83	OPART	1
87	84	87 84	87	84	OPART	1
87	85	87 85	87	85	OPART	1
87	86	87 86	87	86	OPART	1
88	0	88 0	88	0	OPART	1
88	1	88 1	88	1	OPART	1
88	2	88 2	88	2	OPART	1
88	3	88 3	88	3	OPART	1
88	4	88 4	88	4	OPART	1
88	5	88 5	88	5	OPART	1
88	6	88 6	88	6	OPART	1
88	7	88 7	88	7	OPART	1
88	8	88 8	88	8	OPART	1
88	9	88 9	88	9	OPART	1
88	10	88 10	88	10	OPART	1
88	11	88 11	88	11	OPART	1
88	12	88 12	88	12	OPART	1
88	13	88 13	88	13	OPART	1
88	14	88 14	88	14	OPART	1
88	15	88 15	88	15	OPART	1
88	16	88 16	88	16	OPART	1
88	17	88 17	88	17	OPART	1
88	18	88 18	88	18	OPART	1
88	19	88 19	88	19	OPART	1
88	20	88 20	88	20	OPART	1
88	21	88 21	88	21	OPART	1
88	22	88 22	88	22	OPART	1
88	23	88 23	88	23	OPART	1
88	24	88 24	88	24	OPART	1
88	25	88 25	88	25	OPART	1
88	26	88 26	88	26	OPART	1
88	27	88 27	88	27	OPART	1
88	28	88 28	88	28	OPART	1
88	29	88 29	88	29	OPART	1
88	30	88 30	88	30	OPART	1
88	31	88 31	88	31	OPART	1
88	32	88 32	88	32	OPART	1
88	33	88 33	88	33	OPART	1
88	34	88 34	88	34	OPART	1
88	35	88 35	88	35	OPART	1
88	36	88 36	88	36	OPART	1
88	37	88 37	88	37	OPART	1
88	38	88 38	88	38	OPART	1
88	39	88 39	88	39	OPART	1
88	40	88 40	88	40	OPART	1
88	41	88 41	88	41	OPART	1
88	42	88 42	88	42	OPART	1
88	43	88 43	88	43	OPART	1
88	44	88 44	88	44	OPART	1
88	45	88 45	88	45	OPART	1
88	46	88 46	88	46	OPART	1
88	47	88 47	88	47	OPART	1
88	48	88 48	88	48	OPART	1
88	49	88 49	88	49	OPART	1
88	50	88 50	88	50	OPART	1
88	51	88 51	88	51	OPART	1
88	52	88 52	88	52	OPART	1
88	53	88 53	88	53	OPART	1
88	54	88 54	88	54	OPART	1
88	55	88 55	88	55	OPART	1
88	56	88 56	88	56	OPART	1
88	57	88 57	88	57	OPART	1
88	58	88 58	88	58	OPART	1
88	59	88 59	88	59	OPART	1
88	60	88 60	88	60	OPART	1
88	61	88 61	88	61	OPART	1
88	62	88 62	88	62	OPART	1
88	63	88 63	88	63	OPART	1
88	64	88 64	88	64	OPART	1
88	65	88 65	88	65	OPART	1
88	66	88 66	88	66	OPART	1
88	67	88 67	88	67	OPART	1
88	68	88 68	88	68	OPART	1
88	69	88 69	88	69	OPART	1
88	70	88 70	88	70	OPART	1
88	71	88 71	88	71	OPART	1
88	72	88 72	88	72	OPART	1
88	73	88 73	88	73	OPART	1
88	74	88 74	88	74	OPART	1
88	75	88 75	88	75	OPART	1
88	76	88 76	88	76	OPART	1
88	77	88 77	88	77	OPART	1
88	78	88 78	88	78	OPART	1
88	79	88 79	88	79	OPART	1
88	80	88 80	88	80	OPART	1
88	81	88 81	88	81	OPART	1
88	82	88 82	88	82	OPART	1
88	83	88 83	88	83	OPART	1
88	84	88 84	88	84	OPART	1
88	85	88 85	88	85	OPART	1
88	86	88 86	88	86	OPART	1
88	87	88 87	88	87	OPART	1
89	0	89 0	89	0	OPART	1
89	1	89 1	89	1	OPART	1
89	2	89 2	89	2	OPART	1
89	3	89 3	89	3	OPART	1
89	4	89 4	89	4	OPART	1
89	5	89 5	89	5	OPART	1
89	6	89 6	89	6	OPART	1
89	7	89 7	89	7	OPART	1
89	8	89 8	89	8	OPART	1
89	9	89 9	89	9	OPART	1
89	10	89 10	89	10	OPART	1
89	11	89 11	89	11	OPART	1
89	12	89 12	89	12	OPART	1
89	13	89 13	89	13	OPART	1
89	14	89 14	89	14	OPART	1
89	15	89 15	89	15	OPART	1
89	16	89 16	89	16	OPART	1
89	17	89 17	89	17	OPART	1
89	18	89 18	89	18	OPART	1
89	19	89 19	89	19	OPART	1
89	20	89 20	89	20	OPART	1
89	21	89 21	89	21	OPART	1
89	22	89 22	89	22	OPART	1
89	23	89 23	89	23	OPART	1
89	24	89 24	89	24	OPART	1
89	25	89 25	89	25	OPART	1
89	26	89 26	89	26	OPART	1
89	27	89 27	89	27	OPART	1
89	28	89 28	89	28	OPART	1
89	29	89 29	89	29	OPART	1
89	30	89 30	89	30	OPART	1
89	31	89 31	89	31	OPART	1
89	32	89 32	89	32	OPART	1
89	33	89 33	89	33	OPART	1
89	34	89 34	89	34	OPART	1
89	35	89 35	89	35	OPART	1
89	36	89 36	89	36	OPART	1
89	37	89 37	89	37	OPART	1
89	38	89 38	89	38	OPART	1
89	39	89 39	89	39	OPART	1
89	40	89 40	89	40	OPART	1
89	41	89 41	89	41	OPART	1
89	42	89 42	89	42	OPART	1
89	43	89 43	89	43	OPART	1
89	44	89 44	89	44	OPART	1
89	45	89 45	89	45	OPART	1
89	46	89 46	89	46	OPART	1
89	47	89 47	89	47	OPART	1
89	48	89 48	89	48	OPART	1
89	49	89 49	89	49	OPART	1
89	50	89 50	89	50	OPART	1
89	51	89 51	89	51	OPART	1
89	52	89 52	89	52	OPART	1
89	53	89 53	89	53	OPART	1
89	54	89 54	89	54	OPART	1
89	55	89 55	89	55	OPART	1
89	56	89 56	89	56	OPART	1
89	57	89 57	89	57	OPART	1
89	58	89 58	89	58	OPART	1
89	59	89 59	89	59	OPART	1
89	60	89 60	89	60	OPART	1
89	61	89 61	89	61	OPART	1
89	62	89 62	89	62	OPART	1
89	63	89 63	89	63	OPART	1
89	64	89 64	89	64	OPART	1
89	65	89 65	89	65	OPART	1
89	66	89 66	89	66	OPART	1
89	67	89 67	89	67	OPART	1
89	68	89 68	89	68	OPART	1
89	69	89 69	89	69	OPART	1
89	70	89 70	89	70	OPART	1
89	71	89 71	89	71	OPART	1
89	72	89 72	89	72	OPART	1
89	73	89 73	89	73	OPART	1
89	74	89 74	89	74	OPART	1
89	75	89 75	89	75	OPART	1
89	76	89 76	89	76	OPART	1
89	77	89 77	89	77	OPART	1
89	78	89 78	89	78	OPART	1
89	79	89 79	89	79	OPART	1
89	80	89 80	89	80	OPART	1
89	81	89 81	89	81	OPART	1
89	82	89 82	89	82	OPART	1
89	83	89 83	89	83	OPART	1
89	84	89 84	89	84	OPART	1
89	85	89 85	89	85	OPART	1
89	86	89 86	89	86	OPART	1
89	87	89 87	89	87	OPART	1
89	88	89 88	89	88	OPART	1
90	0	90 0	90	0	OPART	1
90	1	90 1	90	1	OPART	1
90	2	90 2	90	2	OPART	1
90	3	90 3	90	3	OPART	1
90	4	90 4	90	4	OPART	1
90	5	90 5	90	5	OPART	1
90	6	90 6	90	6	OPART	1
90	7	90 7	90	7	OPART	1
90	8	90 8	90	8	OPART	1
90	9	90 9	90	9	OPART	1
90	10	90 10	90	10	OPART	1
90	11	90 11	90	11	OPART	1
90	12	90 12	90	12	OPART	1
90	13	90 13	90	13	OPART	1
90	14	90 14	90	14	OPART	1
90	15	90 15	90	15	OPART	1
90	16	90 16	90	16	OPART	1
90	17	90 17	90	17	OPART	1
90	18	90 18	90	18	OPART	1
90	19	90 19	90	19	OPART	1
90	20	90 20	90	20	OPART	1
90	21	90 21	90	21	OPART	1
90	22	90 22	90	22	OPART	1
90	23	90 23	90	23	OPART	1
90	24	90 24	90	24	OPART	1
90	25	90 25	90	25	OPART	1
90	26	90 26	90	26	OPART	1
90	27	90 27	90	27	OPART	1
90	28	90 28	90	28	OPART	1
90	29	90 29	90	29	OPART	1
90	30	90 30	90	30	OPART	1
90	31	90 31	90	31	OPART	1
90	32	90 32	90	32	OPART	1
90	33	90 33	90	33	OPART	1
90	34	90 34	90	34	OPART	1
90	35	90 35	90	35	OPART	1
90	36	90 36	90	36	OPART	1
90	37	90 37	90	37	OPART	1
90	38	90 38	90	38	OPART	1
90	39	90 39	90	39	OPART	1
90	40	90 40	90	40	OPART	1
90	41	90 41	90	41	OPART	1
90	42	90 42	90	42	OPART	1
90	43	90 43	90	43	OPART	1
90	44	90 44	90	44	OPART	1
90	45	90 45	90	45	OPART	1
90	46	90 46	90	46	OPART	1
90	47	90 47	90	47	OPART	1
90	48	90 48	90	48	OPART	1
90	49	90 49	90	49	OPART	1
90	50	90 50	90	50	OPART	1
90	51	90 51	90	51	OPART	1
90	52	90 52	90	52	OPART	1
90	53	90 53	90	53	OPART	1
90	54	90 54	90	54	OPART	1
90	55	90 55	90	55	OPART	1
90	56	90 56	90	56	OPART	1
90	57	90 57	90	57	OPART	1
90	58	90 58	90	58	OPART	1
90	59	90 59	90	59	OPART	1
90	60	90 60	90	60	OPART	1
90	61	90 61	90	61	OPART	1
90	62	90 62	90	62	OPART	1
90	63	90 63	90	63	OPART	1
90	64	90 64	90	64	OPART	1
90	65	90 65	90	65	OPART	1
90	66	90 66	90	66	OPART	1
90	67	90 67	90	67	OPART	1
90	68	90 68	90	68	OPART	1
90	69	90 69	90	69	OPART	1
90	70	90 70	90	70	OPART	1
90	71	90 71	90	71	OPART	1
90	72	90 72	90	72	OPART	1
90	73	90 73	90	73	OPART	1
90	74	90 74	90	74	OPART	1
90	75	90 75	90	75	OPART	1
90	76	90 76	90	76	OPART	1
90	77	90 77	90	77	OPART	1
90	78	90 78	90	78	OPART	1
90	79	90 79	90	79	OPART	1
90	80	90 80	90	80	OPART	1
90	81	90 81	90	81	OPART	1
90	82	90 82	90	82	OPART	1
90	83	90 83	90	83	OPART	1
90	84	90 84	90	84	OPART	1
90	85	90 85	90	85	OPART	1
90	86	90 86	90	86	OPART	1
90	87	90 87	90	87	OPART	1
90	88	90 88	90	88	OPART	1
90	89	90 89	90	89	OPART	1
91	0	91 0	91	0	OPART	1
91	1	91 1	91	1	OPART	1
91	2	91 2	91	2	OPART	1
91	3	91 3	91	3	OPART	1
91	4	91 4	91	4	OPART	1
91	5	91 5	91	5	OPART	1
91	6	91 6	91	6	OPART	1
91	7	91 7	91	7	OPART	1
91	8	91 8	91	8	OPART	1
91	9	91 9	91	9	OPART	1
91	10	91 10	91	10	OPART	1
91	11	91 11	91	11	OPART	1
91	12	91 12	91	12	OPART	1
91	13	91 13	91	13	OPART	1
91	14	91 14	91	14	OPART	1
91	15	91 15	91	15	OPART	1
91	16	91 16	91	16	OPART	1
91	17	91 17	91	17	OPART	1
91	18	91 18	91	18	OPART	1
91	19	91 19	91	19	OPART	1
91	20	91 20	91	20	OPART	1
91	21	91 21	91	21	OPART	1
91	22	91 22	91	22	OPART	1
91	23	91 23	91	23	OPART	1
91	24	91 24	91	24	OPART	1
91	25	91 25	91	25	OPART	1
91	26	91 26	91	26	OPART	1
91	27	91 27	91	27	OPART	1
91	28	91 28	91	28	OPART	1
91	29	91 29	91	29	OPART	1
91	30	91 30	91	30	OPART	1
91	31	91 31	91	31	OPART	1
91	32	91 32	91	32	OPART	1
91	33	91 33	91	33	OPART	1
91	34	91 34	91	34	OPART	1
91	35	91 35	91	35	OPART	1
91	36	91 36	91	36	OPART	1
91	37	91 37	91	37	OPART	1
91	38	91 38	91	38	OPART	1
91	39	91 39	91	39	OPART	1
91	40	91 40	91	40	OPART	1
91	41	91 41	91	41	OPART	1
91	42	91 42	91	42	OPART	1
91	43	91 43	91	43	OPART	1
91	44	91 44	91	44	OPART	1
91	45	91 45	91	45	OPART	1
91	46	91 46	91	46	OPART	1
91	47	91 47	91	47	OPART	1
91	48	91 48	91	48	OPART	1
91	49	91 49	91	49	OPART	1
91	50	91 50	91	50	OPART	1
91	51	91 51	91	51	OPART	1
91	52	91 52	91	52	OPART	1
91	53	91 53	91	53	OPART	1
91	54	91 54	91	54	OPART	1
91	55	91 55	91	55	OPART	1
91	56	91 56	91	56	OPART	1
91	57	91 57	91	57	OPART	1
91	58	91 58	91	58	OPART	1
91	59	91 59	91	59	OPART	1
91	60	91 60	91	60	OPART	1
91	61	91 61	91	61	OPART	1
91	62	91 62	91	62	OPART	1
91	63	91 63	91	63	OPART	1
91	64	91 64	91	64	OPART	1
91	65	91 65	91	65	OPART	1
91	66	91 66	91	66	OPART	1
91	67	91 67	91	67	OPART	1
91	68	91 68	91	68	OPART	1
91	69	91 69	91	69	OPART	1
91	70	91 70	91	70	OPART	1
91	71	91 71	91	71	OPART	1
91	72	91 72	91	72	OPART	1
91	73	91 73	91	73	OPART	1
91	74	91 74	91	74	OPART	1
91	75	91 75	91	75	OPART	1
91	76	91 76	91	76	OPART	1
91	77	91 77	91	77	OPART	1
91	78	91 78	91	78	OPART	1
91	79	91 79	91	79	OPART	1
91	80	91 80	91	80	OPART	1
91	81	91 81	91	81	OPART	1
91	82	91 82	91	82	OPART	1
91	83	91 83	91	83	OPART	1
91	84	91 84	91	84	OPART	1
91	85	91 85	91	85	OPART	1
91	86	91 86	91	86	OPART	1
91	87	91 87	91	87	OPART	1
91	88	91 88	91	88	OPART	1
91	89	91 89	91	89	OPART	1
91	90	91 90	91	90	OPART	1
92	0	92 0	92	0	OPART	1
92	1	92 1	92	1	OPART	1
92	2	92 2	92	2	OPART	1
92	3	92 3	92	3	OPART	1
92	4	92 4	92	4	OPART	1
92	5	92 5	92	5	OPART	1
92	6	92 6	92	6	OPART	1
92	7	92 7	92	7	OPART	1
92	8	92 8	92	8	OPART	1
92	9	92 9	92	9	OPART	1
92	10	92 10	92	10	OPART	1
92	11	92 11	92	11	OPART	1
92	12	92 12	92	12	OPART	1
92	13	92 13	92	13	OPART	1
92	14	92 14	92	14	OPART	1
92	15	92 15	92	15	OPART	1
92	16	92 16	92	16	OPART	1
92	17	92 17	92	17	OPART	1
92	18	92 18	92	18	OPART	1
92	19	92 19	92	19	OPART	1
92	20	92 20	92	20	OPART	1
92	21	92 21	92	21	OPART	1
92	22	92 22	92	22	OPART	1
92	23	92 23	92	23	OPART	1
92	24	92 24	92	24	OPART	1
92	25	92 25	92	25	OPART	1
92	26	92 26	92	26	OPART	1
92	27	92 27	92	27	OPART	1
92	28	92 28	92	28	OPART	1
92	29	92 29	92	29	OPART	1
92	30	92 30	92	30	OPART	1
92	31	92 31	92	31	OPART	1
92	32	92 32	92	32	OPART	1
92	33	92 33	92	33	OPART	1
92	34	92 34	92	34	OPART	1
92	35	92 35	92	35	OPART	1
92	36	92 36	92	36	OPART	1
92	37	92 37	92	37	OPART	1
92	38	92 38	92	38	OPART	1
92	39	92 39	92	39	OPART	1
92	40	92 40	92	40	OPART	1
92	41	92 41	92	41	OPART	1
92	42	92 42	92	42	OPART	1
92	43	92 43	92	43	OPART	1
92	44	92 44	92	44	OPART	1
92	45	92 45	92	45	OPART	1
92	46	92 46	92	46	OPART	1
92	47	92 47	92	47	OPART	1
92	48	92 48	92	48	OPART	1
92	49	92 49	92	49	OPART	1
92	50	92 50	92	50	OPART	1
92	51	92 51	92	51	OPART	1
92	52	92 52	92	52	OPART	1
92	53	92 53	92	53	OPART	1
92	54	92 54	92	54	OPART	1
92	55	92 55	92	55	OPART	1
92	56	92 56	92	56	OPART	1
92	57	92 57	92	57	OPART	1
92	58	92 58	92	58	OPART	1
92	59	92 59	92	59	OPART	1
92	60	92 60	92	60	OPART	1
92	61	92 61	92	61	OPART	1
92	62	92 62	92	62	OPART	1
92	63	92 63	92	63	OPART	1
92	64	92 64	92	64	OPART	1
92	65	92 65	92	65	OPART	1
92	66	92 66	92	66	OPART	1
92	67	92 67	92	67	OPART	1
92	68	92 68	92	68	OPART	1
92	69	92 69	92	69	OPART	1
92	70	92 70	92	70	OPART	1
92	71	92 71	92	71	OPART	1
92	72	92 72	92	72	OPART	1
92	73	92 73	92	73	OPART	1
92	74	92 74	92	74	OPART	1
92	75	92 75	92	75	OPART	1
92	76	92 76	92	76	OPART	1
92	77	92 77	92	77	OPART	1
92	78	92 78	92	78	OPART	1
92	79	92 79	92	79	OPART	1
92	80	92 80	92	80	OPART	1
92	81	92 81	92	81	OPART	1
92	82	92 82	92	82	OPART	1
92	83	92 83	92	83	OPART	1
92	84	92 84	92	84	OPART	1
92	85	92 85	92	85	OPART	1
92	86	92 86	92	86	OPART	1
92	87	92 87	92	87	OPART	1
92	88	92 88	92	88	OPART	1
92	89	92 89	92	89	OPART	1
92	90	92 90	92	90	OPART	1
92	91	92 91	92	91	OPART	1
93	0	93 0	93	0	OPART	1
93	1	93 1	93	1	OPART	1
93	2	93 2	93	2	OPART	1
93	3	93 3	93	3	OPART	1
93	4	93 4	93	4	OPART	1
93	5	93 5	93	5	OPART	1
93	6	93 6	93	6	OPART	1
93	7	93 7	93	7	OPART	1
93	8	93 8	93	8	OPART	1
93	9	93 9	93	9	OPART	1
93	10	93 10	93	10	OPART	1
93	11	93 11	93	11	OPART	1
93	12	93 12	93	12	OPART	1
93	13	93 13	93	13	OPART	1
93	14	93 14	93	14	OPART	1
93	15	93 15	93	15	OPART	1
93	16	93 16	93	16	OPART	1
93	17	93 17	93	17	OPART	1
93	18	93 18	93	18	OPART	1
93	19	93 19	93	19	OPART	1
93	20	93 20	93	20	OPART	1
93	21	93 21	93	21	OPART	1
93	22	93 22	93	22	OPART	1
93	23	93 23	93	23	OPART	1
93	24	93 24	93	24	OPART	1
93	25	93 25	93	25	OPART	1
93	26	93 26	93	26	OPART	1
93	27	93 27	93	27	OPART	1
93	28	93 28	93	28	OPART	1
93	29	93 29	93	29	OPART	1
93	30	93 30	93	30	OPART	1
93	31	93 31	93	31	OPART	1
93	32	93 32	93	32	OPART	1
93	33	93 33	93	33	OPART	1
93	34	93 34	93	34	OPART	1
93	35	93 35	93	35	OPART	1
93	36	93 36	93	36	OPART	1
93	37	93 37	93	37	OPART	1
93	38	93 38	93	38	OPART	1
93	39	93 39	93	39	OPART	1
93	40	93 40	93	40	OPART	1
93	41	93 41	93	41	OPART	1
93	42	93 42	93	42	OPART	1
93	43	93 43	93	43	OPART	1
93	44	93 44	93	44	OPART	1
93	45	93 45	93	45	OPART	1
93	46	93 46	93	46	OPART	1
93	47	93 47	93	47	OPART	1
93	48	93 48	93	48	OPART	1
93	49	93 49	93	49	OPART	1
93	50	93 50	93	50	OPART	1
93	51	93 51	93	51	OPART	1
93	52	93 52	93	52	OPART	1
93	53	93 53	93	53	OPART	1
93	54	93 54	93	54	OPART	1
93	55	93 55	93	55	OPART	1
93	56	93 56	93	56	OPART	1
93	57	93 57	93	57	OPART	1
93	58	93 58	93	58	OPART	1
93	59	93 59	93	59	OPART	1
93	60	93 60	93	60	OPART	1
93	61	93 61	93	61	OPART	1
93	62	93 62	93	62	OPART	1
93	63	93 63	93	63	OPART	1
93	64	93 64	93	64	OPART	1
93	65	93 65	93	65	OPART	1
93	66	93 66	93	66	OPART	1
93	67	93 67	93	67	OPART	1
93	68	93 68	93	68	OPART	1
93	69	93 69	93	69	OPART	1
93	70	93 70	93	70	OPART	1
93	71	93 71	93	71	OPART	1
93	72	93 72	93	72	OPART	1
93	73	93 73	93	73	OPART	1
93	74	93 74	93	74	OPART	1
93	75	93 75	93	75	OPART	1
93	76	93 76	93	76	OPART	1
93	77	93 77	93	77	OPART	1
93	78	93 78	93	78	OPART	1
93	79	93 79	93	79	OPART	1
93	80	93 80	93	80	OPART	1
93	81	93 81	93	81	OPART	1
93	82	93 82	93	82	OPART	1
93	83	93 83	93	83	OPART	1
93	84	93 84	93	84	OPART	1
93	85	93 85	93	85	OPART	1
93	86	93 86	93	86	OPART	1
93	87	93 87	93	87	OPART	1
93	88	93 88	93	88	OPART	1
93	89	93 89	93	89	OPART	1
93	90	93 90	93	90	OPART	1
93	91	93 91	93	91	OPART	1
93	92	93 92	93	92	OPART	1
94	0	94 0	94	0	OPART	1
94	1	94 1	94	1	OPART	1
94	2	94 2	94	2	OPART	1
94	3	94 3	94	3	OPART	1
94	4	94 4	94	4	OPART	1
94	5	94 5	94	5	OPART	1
94	6	94 6	94	6	OPART	1
94	7	94 7	94	7	OPART	1
94	8	94 8	94	8	OPART	1
94	9	94 9	94	9	OPART	1
94	10	94 10	94	10	OPART	1
94	11	94 11	94	11	OPART	1
94	12	94 12	94	12	OPART	1
94	13	94 13	94	13	OPART	1
94	14	94 14	94	14	OPART	1
94	15	94 15	94	15	OPART	1
94	16	94 16	94	16	OPART	1
94	17	94 17	94	17	OPART	1
94	18	94 18	94	18	OPART	1
94	19	94 19	94	19	OPART	1
94	20	94 20	94	20	OPART	1
94	21	94 21	94	21	OPART	1
94	22	94 22	94	22	OPART	1
94	23	94 23	94	23	OPART	1
94	24	94 24	94	24	OPART	1
94	25	94 25	94	25	OPART	1
94	26	94 26	94	26	OPART	1
94	27	94 27	94	27	OPART	1
94	28	94 28	94	28	OPART	1
94	29	94 29	94	29	OPART	1
94	30	94 30	94	30	OPART	1
94	31	94 31	94	31	OPART	1
94	32	94 32	94	32	OPART	1
94	33	94 33	94	33	OPART	1
94	34	94 34	94	34	OPART	1
94	35	94 35	94	35	OPART	1
94	36	94 36	94	36	OPART	1
94	37	94 37	94	37	OPART	1
94	38	94 38	94	38	OPART	1
94	39	94 39	94	39	OPART	1
94	40	94 40	94	40	OPART	1
94	41	94 41	94	41	OPART	1
94	42	94 42	94	42	OPART	1
94	43	94 43	94	43	OPART	1
94	44	94 44	94	44	OPART	1
94	45	94 45	94	45	OPART	1
94	46	94 46	94	46	OPART	1
94	47	94 47	94	47	OPART	1
94	48	94 48	94	48	OPART	1
94	49	94 49	94	49	OPART	1
94	50	94 50	94	50	OPART	1
94	51	94 51	94	51	OPART	1
94	52	94 52	94	52	OPART	1
94	53	94 53	94	53	OPART	1
94	54	94 54	94	54	OPART	1
94	55	94 55	94	55	OPART	1
94	56	94 56	94	56	OPART	1
94	57	94 57	94	57	OPART	1
94	58	94 58	94	58	OPART	1
94	59	94 59	94	59	OPART	1
94	60	94 60	94	60	OPART	1
94	61	94 61	94	61	OPART	1
94	62	94 62	94	62	OPART	1
94	63	94 63	94	63	OPART	1
94	64	94 64	94	64	OPART	1
94	65	94 65	94	65	OPART	1
94	66	94 66	94	66	OPART	1
94	67	94 67	94	67	OPART	1
94	68	94 68	94	68	OPART	1
94	69	94 69	94	69	OPART	1
94	70	94 70	94	70	OPART	1
94	71	94 71	94	71	OPART	1
94	72	94 72	94	72	OPART	1
94	73	94 73	94	73	OPART	1
94	74	94 74	94	74	OPART	1
94	75	94 75	94	75	OPART	1
94	76	94 76	94	76	OPART	1
94	77	94 77	94	77	OPART	1
94	78	94 78	94	78	OPART	1
94	79	94 79	94	79	OPART	1
94	80	94 80	94	80	OPART	1
94	81	94 81	94	81	OPART	1
94	82	94 82	94	82	OPART	1
94	83	94 83	94	83	OPART	1
94	84	94 84	94	84	OPART	1
94	85	94 85	94	85	OPART	1
94	86	94 86	94	86	OPART	1
94	87	94 87	94	87	OPART	1
94	88	94 88	94	88	OPART	1
94	89	94 89	94	89	OPART	1
94	90	94 90	94	90	OPART	1
94	91	94 91	94	91	OPART	1
94	92	94 92	94	92	OPART	1
94	93	94 93	94	93	OPART	1
95	0	95 0	95	0	OPART	1
95	1	95 1	95	1	OPART	1
95	2	95 2	95	2	OPART	1
95	3	95 3	95	3	OPART	1
95	4	95 4	95	4	OPART	1
95	5	95 5	95	5	OPART	1
95	6	95 6	95	6	OPART	1
95	7	95 7	95	7	OPART	1
95	8	95 8	95	8	OPART	1
95	9	95 9	95	9	OPART	1
95	10	95 10	95	10	OPART	1
95	11	95 11	95	11	OPART	1
95	12	95 12	95	12	OPART	1
95	13	95 13	95	13	OPART	1
95	14	95 14	95	14	OPART	1
95	15	95 15	95	15	OPART	1
95	16	95 16	95	16	OPART	1
95	17	95 17	95	17	OPART	1
95	18	95 18	95	18	OPART	1
95	19	95 19	95	19	OPART	1
95	20	95 20	95	20	OPART	1
95	21	95 21	95	21	OPART	1
95	22	95 22	95	22	OPART	1
95	23	95 23	95	23	OPART	1
95	24	95 24	95	24	OPART	1
95	25	95 25	95	25	OPART	1
95	26	95 26	95	26	OPART	1
95	27	95 27	95	27	OPART	1
95	28	95 28	95	28	OPART	1
95	29	95 29	95	29	OPART	1
95	30	95 30	95	30	OPART	1
95	31	95 31	95	31	OPART	1
95	32	95 32	95	32	OPART	1
95	33	95 33	95	33	OPART	1
95	34	95 34	95	34	OPART	1
95	35	95 35	95	35	OPART	1
95	36	95 36	95	36	OPART	1
95	37	95 37	95	37	OPART	1
95	38	95 38	95	38	OPART	1
95	39	95 39	95	39	OPART	1
95	40	95 40	95	40	OPART	1
95	41	95 41	95	41	OPART	1
95	42	95 42	95	42	OPART	1
95	43	95 43	95	43	OPART	1
95	44	95 44	95	44	OPART	1
95	45	95 45	95	45	OPART	1
95	46	95 46	95	46	OPART	1
95	47	95 47	95	47	OPART	1
95	48	95 48	95	48	OPART	1
95	49	95 49	95	49	OPART	1
95	50	95 50	95	50	OPART	1
95	51	95 51	95	51	OPART	1
95	52	95 52	95	52	OPART	1
95	53	95 53	95	53	OPART	1
95	54	95 54	95	54	OPART	1
95	55	95 55	95	55	OPART	1
95	56	95 56	95	56	OPART	1
95	57	95 57	95	57	OPART	1
95	58	95 58	95	58	OPART	1
95	59	95 59	95	59	OPART	1
95	60	95 60	95	60	OPART	1
95	61	95 61	95	61	OPART	1
95	62	95 62	95	62	OPART	1
95	63	95 63	95	63	OPART	1
95	64	95 64	95	64	OPART	1
95	65	95 65	95	65	OPART	1
95	66	95 66	95	66	OPART	1
95	67	95 67	95	67	OPART	1
95	68	95 68	95	68	OPART	1
95	69	95 69	95	69	OPART	1
95	70	95 70	95	70	OPART	1
95	71	95 71	95	71	OPART	1
95	72	95 72	95	72	OPART	1
95	73	95 73	95	73	OPART	1
95	74	95 74	95	74	OPART	1
95	75	95 75	95	75	OPART	1
95	76	95 76	95	76	OPART	1
95	77	95 77	95	77	OPART	1
95	78	95 78	95	78	OPART	1
95	79	95 79	95	79	OPART	1
95	80	95 80	95	80	OPART	1
95	81	95 81	95	81	OPART	1
95	82	95 82	95	82	OPART	1
95	83	95 83	95	83	OPART	1
95	84	95 84	95	84	OPART	1
95	85	95 85	95	85	OPART	1
95	86	95 86	95	86	OPART	1
95	87	95 87	95	87	OPART	1
95	88	95 88	95	88	OPART	1
95	89	95 89	95	89	OPART	1
95	90	95 90	95	90	OPART	1
95	91	95 91	95	91	OPART	1
95	92	95 92	95	92	OPART	1
95	93	95 93	95	93	OPART	1
95	94	95 94	95	94	OPART	1
96	0	96 0	96	0	OPART	1
96	1	96 1	96	1	OPART	1
96	2	96 2	96	2	OPART	1
96	3	96 3	96	3	OPART	1
96	4	96 4	96	4	OPART	1
96	5	96 5	96	5	OPART	1
96	6	96 6	96	6	OPART	1
96	7	96 7	96	7	OPART	1
96	8	96 8	96	8	OPART	1
96	9	96 9	96	9	OPART	1
96	10	96 10	96	10	OPART	1
96	11	96 11	96	11	OPART	1
96	12	96 12	96	12	OPART	1
96	13	96 13	96	13	OPART	1
96	14	96 14	96	14	OPART	1
96	15	96 15	96	15	OPART	1
96	16	96 16	96	16	OPART	1
96	17	96 17	96	17	OPART	1
96	18	96 18	96	18	OPART	1
96	19	96 19	96	19	OPART	1
96	20	96 20	96	20	OPART	1
96	21	96 21	96	21	OPART	1
96	22	96 22	96	22	OPART	1
96	23	96 23	96	23	OPART	1
96	24	96 24	96	24	OPART	1
96	25	96 25	96	25	OPART	1
96	26	96 26	96	26	OPART	1
96	27	96 27	96	27	OPART	1
96	28	96 28	96	28	OPART	1
96	29	96 29	96	29	OPART	1
96	30	96 30	96	30	OPART	1
96	31	96 31	96	31	OPART	1
96	32	96 32	96	32	OPART	1
96	33	96 33	96	33	OPART	1
96	34	96 34	96	34	OPART	1
96	35	96 35	96	35	OPART	1
96	36	96 36	96	36	OPART	1
96	37	96 37	96	37	OPART	1
96	38	96 38	96	38	OPART	1
96	39	96 39	96	39	OPART	1
96	40	96 40	96	40	OPART	1
96	41	96 41	96	41	OPART	1
96	42	96 42	96	42	OPART	1
96	43	96 43	96	43	OPART	1
96	44	96 44	96	44	OPART	1
96	45	96 45	96	45	OPART	1
96	46	96 46	96	46	OPART	1
96	47	96 47	96	47	OPART	1
96	48	96 48	96	48	OPART	1
96	49	96 49	96	49	OPART	1
96	50	96 50	96	50	OPART	1
96	51	96 51	96	51	OPART	1
96	52	96 52	96	52	OPART	1
96	53	96 53	96	53	OPART	1
96	54	96 54	96	54	OPART	1
96	55	96 55	96	55	OPART	1
96	56	96 56	96	56	OPART	1
96	57	96 57	96	57	OPART	1
96	58	96 58	96	58	OPART	1
96	59	96 59	96	59	OPART	1
96	60	96 60	96	60	OPART	1
96	61	96 61	96	61	OPART	1
96	62	96 62	96	62	OPART	1
96	63	96 63	96	63	OPART	1
96	64	96 64	96	64	OPART	1
96	65	96 65	96	65	OPART	1
96	66	96 66	96	66	OPART	1
96	67	96 67	96	67	OPART	1
96	68	96 68	96	68	OPART	1
96	69	96 69	96	69	OPART	1
96	70	96 70	96	70	OPART	1
96	71	96 71	96	71	OPART	1
96	72	96 72	96	72	OPART	1
96	73	96 73	96	73	OPART	1
96	74	96 74	96	74	OPART	1
96	75	96 75	96	75	OPART	1
96	76	96 76	96	76	OPART	1
96	77	96 77	96	77	OPART	1
96	78	96 78	96	78	OPART	1
96	79	96 79	96	79	OPART	1
96	80	96 80	96	80	OPART	1
96	81	96 81	96	81	OPART	1
96	82	96 82	96	82	OPART	1
96	83	96 83	96	83	OPART	1
96	84	96 84	96	84	OPART	1
96	85	96 85	96	85	OPART	1
96	86	96 86	96	86	OPART	1
96	87	96 87	96	87	OPART	1
96	88	96 88	96	88	OPART	1
96	89	96 89	96	89	OPART	1
96	90	96 90	96	90	OPART	1
96	91	96 91	96	91	OPART	1
96	92	96 92	96	92	OPART	1
96	93	96 93	96	93	OPART	1
96	94	96 94	96	94	OPART	1
96	95	96 95	96	95	OPART	1
97	0	97 0	97	0	OPART	1
97	1	97 1	97	1	OPART	1
97	2	97 2	97	2	OPART	1
97	3	97 3	97	3	OPART	1
97	4	97 4	97	4	OPART	1
97	5	97 5	97	5	OPART	1
97	6	97 6	97	6	OPART	1
97	7	97 7	97	7	OPART	1
97	8	97 8	97	8	OPART	1
97	9	97 9	97	9	OPART	1
97	10	97 10	97	10	OPART	1
97	11	97 11	97	11	OPART	1
97	12	97 12	97	12	OPART	1
97	13	97 13	97	13	OPART	1
97	14	97 14	97	14	OPART	1
97	15	97 15	97	15	OPART	1
97	16	97 16	97	16	OPART	1
97	17	97 17	97	17	OPART	1
97	18	97 18	97	18	OPART	1
97	19	97 19	97	19	OPART	1
97	20	97 20	97	20	OPART	1
97	21	97 21	97	21	OPART	1
97	22	97 22	97	22	OPART	1
97	23	97 23	97	23	OPART	1
97	24	97 24	97	24	OPART	1
97	25	97 25	97	25	OPART	1
97	26	97 26	97	26	OPART	1
97	27	97 27	97	27	OPART	1
97	28	97 28	97	28	OPART	1
97	29	97 29	97	29	OPART	1
97	30	97 30	97	30	OPART	1
97	31	97 31	97	31	OPART	1
97	32	97 32	97	32	OPART	1
97	33	97 33	97	33	OPART	1
97	34	97 34	97	34	OPART	1
97	35	97 35	97	35	OPART	1
97	36	97 36	97	36	OPART	1
97	37	97 37	97	37	OPART	1
97	38	97 38	97	38	OPART	1
97	39	97 39	97	39	OPART	1
97	40	97 40	97	40	OPART	1
97	41	97 41	97	41	OPART	1
97	42	97 42	97	42	OPART	1
97	43	97 43	97	43	OPART	1
97	44	97 44	97	44	OPART	1
97	45	97 45	97	45	OPART	1
97	46	97 46	97	46	OPART	1
97	47	97 47	97	47	OPART	1
97	48	97 48	97	48	OPART	1
97	49	97 49	97	49	OPART	1
97	50	97 50	97	50	OPART	1
97	51	97 51	97	51	OPART	1
97	52	97 52	97	52	OPART	1
97	53	97 53	97	53	OPART	1
97	54	97 54	97	54	OPART	1
97	55	97 55	97	55	OPART	1
97	56	97 56	97	56	OPART	1
97	57	97 57	97	57	OPART	1
97	58	97 58	97	58	OPART	1
97	59	97 59	97	59	OPART	1
97	60	97 60	97	60	OPART	1
97	61	97 61	97	61	OPART	1
97	62	97 62	97	62	OPART	1
97	63	97 63	97	63	OPART	1
97	64	97 64	97	64	OPART	1
97	65	97 65	97	65	OPART	1
97	66	97 66	97	66	OPART	1
97	67	97 67	97	67	OPART	1
97	68	97 68	97	68	OPART	1
97	69	97 69	97	69	OPART	1
97	70	97 70	97	70	OPART	1
97	71	97 71	97	71	OPART	1
97	72	97 72	97	72	OPART	1
97	73	97 73	97	73	OPART	1
97	74	97 74	97	74	OPART	1
97	75	97 75	97	75	OPART	1
97	76	97 76	97	76	OPART	1
97	77	97 77	97	77	OPART	1
97	78	97 78	97	78	OPART	1
97	79	97 79	97	79	OPART	1
97	80	97 80	97	80	OPART	1
97	81	97 81	97	81	OPART	1
97	82	97 82	97	82	OPART	1
97	83	97 83	97	83	OPART	1
97	84	97 84	97	84	OPART	1
97	85	97 85	97	85	OPART	1
97	86	97 86	97	86	OPART	1
97	87	97 87	97	87	OPART	1
97	88	97 88	97	88	OPART	1
97	89	97 89	97	89	OPART	1
97	90	97 90	97	90	OPART	1
97	91	97 91	97	91	OPART	1
97	92	97 92	97	92	OPART	1
97	93	97 93	97	93	OPART	1
97	94	97 94	97	94	OPART	1
97	95	97 95	97	95	OPART	1
97	96	97 96	97	96	OPART	1
98	0	98 0	98	0	OPART	1
98	1	98 1	98	1	OPART	1
98	2	98 2	98	2	OPART	1
98	3	98 3	98	3	OPART	1
98	4	98 4	98	4	OPART	1
98	5	98 5	98	5	OPART	1
98	6	98 6	98	6	OPART	1
98	7	98 7	98	7	OPART	1
98	8	98 8	98	8	OPART	1
98	9	98 9	98	9	OPART	1
98	10	98 10	98	10	OPART	1
98	11	98 11	98	11	OPART	1
98	12	98 12	98	12	OPART	1
98	13	98 13	98	13	OPART	1
98	14	98 14	98	14	OPART	1
98	15	98 15	98	15	OPART	1
98	16	98 16	98	16	OPART	1
98	17	98 17	98	17	OPART	1
98	18	98 18	98	18	OPART	1
98	19	98 19	98	19	OPART	1
98	20	98 20	98	20	OPART	1
98	21	98 21	98	21	OPART	1
98	22	98 22	98	22	OPART	1
98	23	98 23	98	23	OPART	1
98	24	98 24	98	24	OPART	1
98	25	98 25	98	25	OPART	1
98	26	98 26	98	26	OPART	1
98	27	98 27	98	27	OPART	1
98	28	98 28	98	28	OPART	1
98	29	98 29	98	29	OPART	1
98	30	98 30	98	30	OPART	1
98	31	98 31	98	31	OPART	1
98	32	98 32	98	32	OPART	1
98	33	98 33	98	33	OPART	1
98	34	98 34	98	34	OPART	1
98	35	98 35	98	35	OPART	1
98	36	98 36	98	36	OPART	1
98	37	98 37	98	37	OPART	1
98	38	98 38	98	38	OPART	1
98	39	98 39	98	39	OPART	1
98	40	98 40	98	40	OPART	1
98	41	98 41	98	41	OPART	1
98	42	98 42	98	42	OPART	1
98	43	98 43	98	43	OPART	1
98	44	98 44	98	44	OPART	1
98	45	98 45	98	45	OPART	1
98	46	98 46	98	46	OPART	1
98	47	98 47	98	47	OPART	1
98	48	98 48	98	48	OPART	1
98	49	98 49	98	49	OPART	1
98	50	98 50	98	50	OPART	1
98	51	98 51	98	51	OPART	1
98	52	98 52	98	52	OPART	1
98	53	98 53	98	53	OPART	1
98	54	98 54	98	54	OPART	1
98	55	98 55	98	55	OPART	1
98	56	98 56	98	56	OPART	1
98	57	98 57	98	57	OPART	1
98	58	98 58	98	58	OPART	1
98	59	98 59	98	59	OPART	1
98	60	98 60	98	60	OPART	1
98	61	98 61	98	61	OPART	1
98	62	98 62	98	62	OPART	1
98	63	98 63	98	63	OPART	1
98	64	98 64	98	64	OPART	1
98	65	98 65	98	65	OPART	1
98	66	98 66	98	66	OPART	1
98	67	98 67	98	67	OPART	1
98	68	98 68	98	68	OPART	1
98	69	98 69	98	69	OPART	1
98	70	98 70	98	70	OPART	1
98	71	98 71	98	71	OPART	1
98	72	98 72	98	72	OPART	1
98	73	98 73	98	73	OPART	1
98	74	98 74	98	74	OPART	1
98	75	98 75	98	75	OPART	1
98	76	98 76	98	76	OPART	1
98	77	98 77	98	77	OPART	1
98	78	98 78	98	78	OPART	1
98	79	98 79	98	79	OPART	1
98	80	98 80	98	80	OPART	1
98	81	98 81	98	81	OPART	1
98	82	98 82	98	82	OPART	1
98	83	98 83	98	83	OPART	1
98	84	98 84	98	84	OPART	1
98	85	98 85	98	85	OPART	1
98	86	98 86	98	86	OPART	1
98	87	98 87	98	87	OPART	1
98	88	98 88	98	88	OPART	1
98	89	98 89	98	89	OPART	1
98	90	98 90	98	90	OPART	1
98	91	98 91	98	91	OPART	1
98	92	98 92	98	92	OPART	1
98	93	98 93	98	93	OPART	1
98	94	98 94	98	94	OPART	1
98	95	98 95	98	95	OPART	1
98	96	98 96	98	96	OPART	1
98	97	98 97	98	97	OPART	1
99	0	99 0	99	0	OPART	1
99	1	99 1	99	1	OPART	1
99	2	99 2	99	2	OPART	1
99	3	99 3	99	3	OPART	1
99	4	99 4	99	4	OPART	1
99	5	99 5	99	5	OPART	1
99	6	99 6	99	6	OPART	1
99	7	99 7	99	7	OPART	1
99	8	99 8	99	8	OPART	1
99	9	99 9	99	9	OPART	1
99	10	99 10	99	10	OPART	1
99	11	99 11	99	11	OPART	1
99	12	99 12	99	12	OPART	1
99	13	99 13	99	13	OPART	1
99	14	99 14	99	14	OPART	1
99	15	99 15	99	15	OPART	1
99	16	99 16	99	16	OPART	1
99	17	99 17	99	17	OPART	1
99	18	99 18	99	18	OPART	1
99	19	99 19	99	19	OPART	1
99	20	99 20	99	20	OPART	1
99	21	99 21	99	21	OPART	1
99	22	99 22	99	22	OPART	1
99	23	99 23	99	23	OPART	1
99	24	99 24	99	24	OPART	1
99	25	99 25	99	25	OPART	1
99	26	99 26	99	26	OPART	1
99	27	99 27	99	27	OPART	1
99	28	99 28	99	28	OPART	1
99	29	99 29	99	29	OPART	1
99	30	99 30	99	30	OPART	1
99	31	99 31	99	31	OPART	1
99	32	99 32	99	32	OPART	1
99	33	99 33	99	33	OPART	1
99	34	99 34	99	34	OPART	1
99	35	99 35	99	35	OPART	1
99	36	99 36	99	36	OPART	1
99	37	99 37	99	37	OPART	1
99	38	99 38	99	38	OPART	1
99	39	99 39	99	39	OPART	1
99	40	99 40	99	40	OPART	1
99	41	99 41	99	41	OPART	1
99	42	99 42	99	42	OPART	1
99	43	99 43	99	43	OPART	1
99	44	99 44	99	44	OPART	1
99	45	99 45	99	45	OPART	1
99	46	99 46	99	46	OPART	1
99	47	99 47	99	47	OPART	1
99	48	99 48	99	48	OPART	1
99	49	99 49	99	49	OPART	1
99	50	99 50	99	50	OPART	1
99	51	99 51	99	51	OPART	1
99	52	99 52	99	52	OPART	1
99	53	99 53	99	53	OPART	1
99	54	99 54	99	54	OPART	1
99	55	99 55	99	55	OPART	1
99	56	99 56	99	56	OPART	1
99	57	99 57	99	57	OPART	1
99	58	99 58	99	58	OPART	1
99	59	99 59	99	59	OPART	1
99	60	99 60	99	60	OPART	1
99	61	99 61	99	61	OPART	1
99	62	99 62	99	62	OPART	1
99	63	99 63	99	63	OPART	1
99	64	99 64	99	64	OPART	1
99	65	99 65	99	65	OPART	1
99	66	99 66	99	66	OPART	1
99	67	99 67	99	67	OPART	1
99	68	99 68	99	68	OPART	1
99	69	99 69	99	69	OPART	1
99	70	99 70	99	70	OPART	1
99	71	99 71	99	71	OPART	1
99	72	99 72	99	72	OPART	1
99	73	99 73	99	73	OPART	1
99	74	99 74	99	74	OPART	1
99	75	99 75	99	75	OPART	1
99	76	99 76	99	76	OPART	1
99	77	99 77	99	77	OPART	1
99	78	99 78	99	78	OPART	1
99	79	99 79	99	79	OPART	1
99	80	99 80	99	80	OPART	1
99	81	99 81	99	81	OPART	1
99	82	99 82	99	82	OPART	1
99	83	99 83	99	83	OPART	1
99	84	99 84	99	84	OPART	1
99	85	99 85	99	85	OPART	1
99	86	99 86	99	86	OPART	1
99	87	99 87	99	87	OPART	1
99	88	99 88	99	88	OPART	1
99	89	99 89	99	89	OPART	1
99	90	99 90	99	90	OPART	1
99	91	99 91	99	91	OPART	1
99	92	99 92	99	92	OPART	1
99	93	99 93	99	93	OPART	1
99	94	99 94	99	94	OPART	1
99	95	99 95	99	95	OPART	1
99	96	99 96	99	96	OPART	1
99	97	99 97	99	97	OPART	1
99	98	99 98	99	98	OPART	1
100	0	100 0	100	0	OPART	1
100	1	100 1	100	1	OPART	1
100	2	100 2	100	2	OPART	1
100	3	100 3	100	3	OPART	1
100	4	100 4	100	4	OPART	1
100	5	100 5	100	5	OPART	1
100	6	100 6	100	6	OPART	1
100	7	100 7	100	7	OPART	1
100	8	100 8	100	8	OPART	1
100	9	100 9	100	9	OPART	1
100	10	100 10	100	10	OPART	1
100	11	100 11	100	11	OPART	1
100	12	100 12	100	12	OPART	1
100	13	100 13	100	13	OPART	1
100	14	100 14	100	14	OPART	1
100	15	100 15	100	15	OPART	1
100	16	100 16	100	16	OPART	1
100	17	100 17	100	17	OPART	1
100	18	100 18	100	18	OPART	1
100	19	100 19	100	19	OPART	1
100	20	100 20	100	20	OPART	1
100	21	100 21	100	21	OPART	1
100	22	100 22	100	22	OPART	1
100	23	100 23	100	23	OPART	1
100	24	100 24	100	24	OPART	1
100	25	100 25	100	25	OPART	1
100	26	100 26	100	26	OPART	1
100	27	100 27	100	27	OPART	1
100	28	100 28	100	28	OPART	1
100	29	100 29	100	29	OPART	1
100	30	100 30	100	30	OPART	1
100	31	100 31	100	31	OPART	1
100	32	100 32	100	32	OPART	1
100	33	100 33	100	33	OPART	1
100	34	100 34	100	34	OPART	1
100	35	100 35	100	35	OPART	1
100	36	100 36	100	36	OPART	1
100	37	100 37	100	37	OPART	1
100	38	100 38	100	38	OPART	1
100	39	100 39	100	39	OPART	1
100	40	100 40	100	40	OPART	1
100	41	100 41	100	41	OPART	1
100	42	100 42	100	42	OPART	1
100	43	100 43	100	43	OPART	1
100	44	100 44	100	44	OPART	1
100	45	100 45	100	45	OPART	1
100	46	100 46	100	46	OPART	1
100	47	100 47	100	47	OPART	1
100	48	100 48	100	48	OPART	1
100	49	100 49	100	49	OPART	1
100	50	100 50	100	50	OPART	1
100	51	100 51	100	51	OPART	1
100	52	100 52	100	52	OPART	1
100	53	100 53	100	53	OPART	1
100	54	100 54	100	54	OPART	1
100	55	100 55	100	55	OPART	1
100	56	100 56	100	56	OPART	1
100	57	100 57	100	57	OPART	1
100	58	100 58	100	58	OPART	1
100	59	100 59	100	59	OPART	1
100	60	100 60	100	60	OPART	1
100	61	100 61	100	61	OPART	1
100	62	100 62	100	62	OPART	1
100	63	100 63	100	63	OPART	1
100	64	100 64	100	64	OPART	1
100	65	100 65	100	65	OPART	1
100	66	100 66	100	66	OPART	1
100	67	100 67	100	67	OPART	1
100	68	100 68	100	68	OPART	1
100	69	100 69	100	69	OPART	1
100	70	100 70	100	70	OPART	1
100	71	100 71	100	71	OPART	1
100	72	100 72	100	72	OPART	1
100	73	100 73	100	73	OPART	1
100	74	100 74	100	74	OPART	1
100	75	100 75	100	75	OPART	1
100	76	100 76	100	76	OPART	1
100	77	100 77	100	77	OPART	1
100	78	100 78	100	78	OPART	1
100	79	100 79	100	79	OPART	1
100	80	100 80	100	80	OPART	1
100	81	100 81	100	81	OPART	1
100	82	100 82	100	82	OPART	1
100	83	100 83	100	83	OPART	1
100	84	100 84	100	84	OPART	1
100	85	100 85	100	85	OPART	1
100	86	100 86	100	86	OPART	1
100	87	100 87	100	87	OPART	1
100	88	100 88	100	88	OPART	1
100	89	100 89	100	89	OPART	1
100	90	100 90	100	90	OPART	1
100	91	100 91	100	91	OPART	1
100	92	100 92	100	92	OPART	1
100	93	100 93	100	93	OPART	1
100	94	100 94	100	94	OPART	1
100	95	100 95	100	95	OPART	1
100	96	100 96	100	96	OPART	1
100	97	100 97	100	97	OPART	1
100	98	100 98	100	98	OPART	1
100	99	100 99	100	99	OPART	1
1	0	1 0	1	0	LOPART	2
2	0	2 0	2	0	LOPART	2
2	1	2 1	2	1	LOPART	2
3	0	3 0	3	0	LOPART	2
3	1	3 1	3	1	LOPART	2
3	2	3 2	3	2	LOPART	2
4	0	4 0	4	0	LOPART	2
4	1	4 1	4	1	LOPART	2
4	2	4 2	4	2	LOPART	2
4	3	4 3	4	3	LOPART	2
5	0	5 0	5	0	LOPART	2
5	1	5 1	5	1	LOPART	2
5	2	5 2	5	2	LOPART	2
5	3	5 3	5	3	LOPART	2
5	4	5 4	5	4	LOPART	2
6	0	6 0	6	0	LOPART	2
6	1	6 1	6	1	LOPART	2
6	2	6 2	6	2	LOPART	2
6	3	6 3	6	3	LOPART	2
6	4	6 4	6	4	LOPART	2
6	5	6 5	6	5	LOPART	2
7	0	7 0	7	0	LOPART	2
7	1	7 1	7	1	LOPART	2
7	2	7 2	7	2	LOPART	2
7	3	7 3	7	3	LOPART	2
7	4	7 4	7	4	LOPART	2
7	5	7 5	7	5	LOPART	2
7	6	7 6	7	6	LOPART	2
8	0	8 0	8	0	LOPART	2
8	1	8 1	8	1	LOPART	2
8	2	8 2	8	2	LOPART	2
8	3	8 3	8	3	LOPART	2
8	4	8 4	8	4	LOPART	2
8	5	8 5	8	5	LOPART	2
8	6	8 6	8	6	LOPART	2
8	7	8 7	8	7	LOPART	2
9	0	9 0	9	0	LOPART	2
9	1	9 1	9	1	LOPART	2
9	2	9 2	9	2	LOPART	2
9	3	9 3	9	3	LOPART	2
9	4	9 4	9	4	LOPART	2
9	5	9 5	9	5	LOPART	2
9	6	9 6	9	6	LOPART	2
9	7	9 7	9	7	LOPART	2
9	8	9 8	9	8	LOPART	2
10	0	10 0	10	0	LOPART	2
10	1	10 1	10	1	LOPART	2
10	2	10 2	10	2	LOPART	2
10	3	10 3	10	3	LOPART	2
10	4	10 4	10	4	LOPART	2
10	5	10 5	10	5	LOPART	2
10	6	10 6	10	6	LOPART	2
10	7	10 7	10	7	LOPART	2
10	8	10 8	10	8	LOPART	2
10	9	10 9	10	9	LOPART	2
11	0	11 0	11	0	LOPART	2
11	1	11 1	11	1	LOPART	2
11	2	11 2	11	2	LOPART	2
11	3	11 3	11	3	LOPART	2
11	4	11 4	11	4	LOPART	2
11	5	11 5	11	5	LOPART	2
11	6	11 6	11	6	LOPART	2
11	7	11 7	11	7	LOPART	2
11	8	11 8	11	8	LOPART	2
11	9	11 9	11	9	LOPART	2
11	10	11 10	11	10	LOPART	2
12	0	12 0	12	0	LOPART	2
12	1	12 1	12	1	LOPART	2
12	2	12 2	12	2	LOPART	2
12	3	12 3	12	3	LOPART	2
12	4	12 4	12	4	LOPART	2
12	5	12 5	12	5	LOPART	2
12	6	12 6	12	6	LOPART	2
12	7	12 7	12	7	LOPART	2
12	8	12 8	12	8	LOPART	2
12	9	12 9	12	9	LOPART	2
12	10	12 10	12	10	LOPART	2
12	11	12 11	12	11	LOPART	2
13	0	13 0	13	0	LOPART	2
13	1	13 1	13	1	LOPART	2
13	2	13 2	13	2	LOPART	2
13	3	13 3	13	3	LOPART	2
13	4	13 4	13	4	LOPART	2
13	5	13 5	13	5	LOPART	2
13	6	13 6	13	6	LOPART	2
13	7	13 7	13	7	LOPART	2
13	8	13 8	13	8	LOPART	2
13	9	13 9	13	9	LOPART	2
13	10	13 10	13	10	LOPART	2
13	11	13 11	13	11	LOPART	2
13	12	13 12	13	12	LOPART	2
14	0	14 0	14	0	LOPART	2
14	1	14 1	14	1	LOPART	2
14	2	14 2	14	2	LOPART	2
14	3	14 3	14	3	LOPART	2
14	4	14 4	14	4	LOPART	2
14	5	14 5	14	5	LOPART	2
14	6	14 6	14	6	LOPART	2
14	7	14 7	14	7	LOPART	2
14	8	14 8	14	8	LOPART	2
14	9	14 9	14	9	LOPART	2
14	10	14 10	14	10	LOPART	2
14	11	14 11	14	11	LOPART	2
14	12	14 12	14	12	LOPART	2
14	13	14 13	14	13	LOPART	2
15	0	15 0	15	0	LOPART	2
15	1	15 1	15	1	LOPART	2
15	2	15 2	15	2	LOPART	2
15	3	15 3	15	3	LOPART	2
15	4	15 4	15	4	LOPART	2
15	5	15 5	15	5	LOPART	2
15	6	15 6	15	6	LOPART	2
15	7	15 7	15	7	LOPART	2
15	8	15 8	15	8	LOPART	2
15	9	15 9	15	9	LOPART	2
15	10	15 10	15	10	LOPART	2
15	11	15 11	15	11	LOPART	2
15	12	15 12	15	12	LOPART	2
15	13	15 13	15	13	LOPART	2
15	14	15 14	15	14	LOPART	2
16	0	16 0	16	0	LOPART	2
16	1	16 1	16	1	LOPART	2
16	2	16 2	16	2	LOPART	2
16	3	16 3	16	3	LOPART	2
16	4	16 4	16	4	LOPART	2
16	5	16 5	16	5	LOPART	2
16	6	16 6	16	6	LOPART	2
16	7	16 7	16	7	LOPART	2
16	8	16 8	16	8	LOPART	2
16	9	16 9	16	9	LOPART	2
16	10	16 10	16	10	LOPART	2
16	11	16 11	16	11	LOPART	2
16	12	16 12	16	12	LOPART	2
16	13	16 13	16	13	LOPART	2
16	14	16 14	16	14	LOPART	2
16	15	16 15	16	15	LOPART	2
17	0	17 0	17	0	LOPART	2
17	1	17 1	17	1	LOPART	2
17	2	17 2	17	2	LOPART	2
17	3	17 3	17	3	LOPART	2
17	4	17 4	17	4	LOPART	2
17	5	17 5	17	5	LOPART	2
17	6	17 6	17	6	LOPART	2
17	7	17 7	17	7	LOPART	2
17	8	17 8	17	8	LOPART	2
17	9	17 9	17	9	LOPART	2
17	10	17 10	17	10	LOPART	2
17	11	17 11	17	11	LOPART	2
17	12	17 12	17	12	LOPART	2
17	13	17 13	17	13	LOPART	2
17	14	17 14	17	14	LOPART	2
17	15	17 15	17	15	LOPART	2
17	16	17 16	17	16	LOPART	2
18	0	18 0	18	0	LOPART	2
18	1	18 1	18	1	LOPART	2
18	2	18 2	18	2	LOPART	2
18	3	18 3	18	3	LOPART	2
18	4	18 4	18	4	LOPART	2
18	5	18 5	18	5	LOPART	2
18	6	18 6	18	6	LOPART	2
18	7	18 7	18	7	LOPART	2
18	8	18 8	18	8	LOPART	2
18	9	18 9	18	9	LOPART	2
18	10	18 10	18	10	LOPART	2
18	11	18 11	18	11	LOPART	2
18	12	18 12	18	12	LOPART	2
18	13	18 13	18	13	LOPART	2
18	14	18 14	18	14	LOPART	2
18	15	18 15	18	15	LOPART	2
18	16	18 16	18	16	LOPART	2
18	17	18 17	18	17	LOPART	2
19	0	19 0	19	0	LOPART	2
19	1	19 1	19	1	LOPART	2
19	2	19 2	19	2	LOPART	2
19	3	19 3	19	3	LOPART	2
19	4	19 4	19	4	LOPART	2
19	5	19 5	19	5	LOPART	2
19	6	19 6	19	6	LOPART	2
19	7	19 7	19	7	LOPART	2
19	8	19 8	19	8	LOPART	2
19	9	19 9	19	9	LOPART	2
19	10	19 10	19	10	LOPART	2
19	11	19 11	19	11	LOPART	2
19	12	19 12	19	12	LOPART	2
19	13	19 13	19	13	LOPART	2
19	14	19 14	19	14	LOPART	2
19	15	19 15	19	15	LOPART	2
19	16	19 16	19	16	LOPART	2
19	17	19 17	19	17	LOPART	2
19	18	19 18	19	18	LOPART	2
20	0	20 0	20	0	LOPART	2
20	1	20 1	20	1	LOPART	2
20	2	20 2	20	2	LOPART	2
20	3	20 3	20	3	LOPART	2
20	4	20 4	20	4	LOPART	2
20	5	20 5	20	5	LOPART	2
20	6	20 6	20	6	LOPART	2
20	7	20 7	20	7	LOPART	2
20	8	20 8	20	8	LOPART	2
20	9	20 9	20	9	LOPART	2
20	10	20 10	20	10	LOPART	2
20	11	20 11	20	11	LOPART	2
20	12	20 12	20	12	LOPART	2
20	13	20 13	20	13	LOPART	2
20	14	20 14	20	14	LOPART	2
20	15	20 15	20	15	LOPART	2
20	16	20 16	20	16	LOPART	2
20	17	20 17	20	17	LOPART	2
20	18	20 18	20	18	LOPART	2
20	19	20 19	20	19	LOPART	2
21	0	21 0	21	0	LOPART	2
21	1	21 1	21	1	LOPART	2
21	2	21 2	21	2	LOPART	2
21	3	21 3	21	3	LOPART	2
21	4	21 4	21	4	LOPART	2
21	5	21 5	21	5	LOPART	2
21	6	21 6	21	6	LOPART	2
21	7	21 7	21	7	LOPART	2
21	8	21 8	21	8	LOPART	2
21	9	21 9	21	9	LOPART	2
21	10	21 10	21	10	LOPART	2
21	11	21 11	21	11	LOPART	2
21	12	21 12	21	12	LOPART	2
21	13	21 13	21	13	LOPART	2
21	14	21 14	21	14	LOPART	2
21	15	21 15	21	15	LOPART	2
21	16	21 16	21	16	LOPART	2
21	17	21 17	21	17	LOPART	2
21	18	21 18	21	18	LOPART	2
21	19	21 19	21	19	LOPART	2
22	0	22 0	22	0	LOPART	2
22	1	22 1	22	1	LOPART	2
22	2	22 2	22	2	LOPART	2
22	3	22 3	22	3	LOPART	2
22	4	22 4	22	4	LOPART	2
22	5	22 5	22	5	LOPART	2
22	6	22 6	22	6	LOPART	2
22	7	22 7	22	7	LOPART	2
22	8	22 8	22	8	LOPART	2
22	9	22 9	22	9	LOPART	2
22	10	22 10	22	10	LOPART	2
22	11	22 11	22	11	LOPART	2
22	12	22 12	22	12	LOPART	2
22	13	22 13	22	13	LOPART	2
22	14	22 14	22	14	LOPART	2
22	15	22 15	22	15	LOPART	2
22	16	22 16	22	16	LOPART	2
22	17	22 17	22	17	LOPART	2
22	18	22 18	22	18	LOPART	2
22	19	22 19	22	19	LOPART	2
23	0	23 0	23	0	LOPART	2
23	1	23 1	23	1	LOPART	2
23	2	23 2	23	2	LOPART	2
23	3	23 3	23	3	LOPART	2
23	4	23 4	23	4	LOPART	2
23	5	23 5	23	5	LOPART	2
23	6	23 6	23	6	LOPART	2
23	7	23 7	23	7	LOPART	2
23	8	23 8	23	8	LOPART	2
23	9	23 9	23	9	LOPART	2
23	10	23 10	23	10	LOPART	2
23	11	23 11	23	11	LOPART	2
23	12	23 12	23	12	LOPART	2
23	13	23 13	23	13	LOPART	2
23	14	23 14	23	14	LOPART	2
23	15	23 15	23	15	LOPART	2
23	16	23 16	23	16	LOPART	2
23	17	23 17	23	17	LOPART	2
23	18	23 18	23	18	LOPART	2
23	19	23 19	23	19	LOPART	2
24	0	24 0	24	0	LOPART	2
24	1	24 1	24	1	LOPART	2
24	2	24 2	24	2	LOPART	2
24	3	24 3	24	3	LOPART	2
24	4	24 4	24	4	LOPART	2
24	5	24 5	24	5	LOPART	2
24	6	24 6	24	6	LOPART	2
24	7	24 7	24	7	LOPART	2
24	8	24 8	24	8	LOPART	2
24	9	24 9	24	9	LOPART	2
24	10	24 10	24	10	LOPART	2
24	11	24 11	24	11	LOPART	2
24	12	24 12	24	12	LOPART	2
24	13	24 13	24	13	LOPART	2
24	14	24 14	24	14	LOPART	2
24	15	24 15	24	15	LOPART	2
24	16	24 16	24	16	LOPART	2
24	17	24 17	24	17	LOPART	2
24	18	24 18	24	18	LOPART	2
24	19	24 19	24	19	LOPART	2
25	0	25 0	25	0	LOPART	2
25	1	25 1	25	1	LOPART	2
25	2	25 2	25	2	LOPART	2
25	3	25 3	25	3	LOPART	2
25	4	25 4	25	4	LOPART	2
25	5	25 5	25	5	LOPART	2
25	6	25 6	25	6	LOPART	2
25	7	25 7	25	7	LOPART	2
25	8	25 8	25	8	LOPART	2
25	9	25 9	25	9	LOPART	2
25	10	25 10	25	10	LOPART	2
25	11	25 11	25	11	LOPART	2
25	12	25 12	25	12	LOPART	2
25	13	25 13	25	13	LOPART	2
25	14	25 14	25	14	LOPART	2
25	15	25 15	25	15	LOPART	2
25	16	25 16	25	16	LOPART	2
25	17	25 17	25	17	LOPART	2
25	18	25 18	25	18	LOPART	2
25	19	25 19	25	19	LOPART	2
26	0	26 0	26	0	LOPART	2
26	1	26 1	26	1	LOPART	2
26	2	26 2	26	2	LOPART	2
26	3	26 3	26	3	LOPART	2
26	4	26 4	26	4	LOPART	2
26	5	26 5	26	5	LOPART	2
26	6	26 6	26	6	LOPART	2
26	7	26 7	26	7	LOPART	2
26	8	26 8	26	8	LOPART	2
26	9	26 9	26	9	LOPART	2
26	10	26 10	26	10	LOPART	2
26	11	26 11	26	11	LOPART	2
26	12	26 12	26	12	LOPART	2
26	13	26 13	26	13	LOPART	2
26	14	26 14	26	14	LOPART	2
26	15	26 15	26	15	LOPART	2
26	16	26 16	26	16	LOPART	2
26	17	26 17	26	17	LOPART	2
26	18	26 18	26	18	LOPART	2
26	19	26 19	26	19	LOPART	2
27	0	27 0	27	0	LOPART	2
27	1	27 1	27	1	LOPART	2
27	2	27 2	27	2	LOPART	2
27	3	27 3	27	3	LOPART	2
27	4	27 4	27	4	LOPART	2
27	5	27 5	27	5	LOPART	2
27	6	27 6	27	6	LOPART	2
27	7	27 7	27	7	LOPART	2
27	8	27 8	27	8	LOPART	2
27	9	27 9	27	9	LOPART	2
27	10	27 10	27	10	LOPART	2
27	11	27 11	27	11	LOPART	2
27	12	27 12	27	12	LOPART	2
27	13	27 13	27	13	LOPART	2
27	14	27 14	27	14	LOPART	2
27	15	27 15	27	15	LOPART	2
27	16	27 16	27	16	LOPART	2
27	17	27 17	27	17	LOPART	2
27	18	27 18	27	18	LOPART	2
27	19	27 19	27	19	LOPART	2
28	0	28 0	28	0	LOPART	2
28	1	28 1	28	1	LOPART	2
28	2	28 2	28	2	LOPART	2
28	3	28 3	28	3	LOPART	2
28	4	28 4	28	4	LOPART	2
28	5	28 5	28	5	LOPART	2
28	6	28 6	28	6	LOPART	2
28	7	28 7	28	7	LOPART	2
28	8	28 8	28	8	LOPART	2
28	9	28 9	28	9	LOPART	2
28	10	28 10	28	10	LOPART	2
28	11	28 11	28	11	LOPART	2
28	12	28 12	28	12	LOPART	2
28	13	28 13	28	13	LOPART	2
28	14	28 14	28	14	LOPART	2
28	15	28 15	28	15	LOPART	2
28	16	28 16	28	16	LOPART	2
28	17	28 17	28	17	LOPART	2
28	18	28 18	28	18	LOPART	2
28	19	28 19	28	19	LOPART	2
29	0	29 0	29	0	LOPART	2
29	1	29 1	29	1	LOPART	2
29	2	29 2	29	2	LOPART	2
29	3	29 3	29	3	LOPART	2
29	4	29 4	29	4	LOPART	2
29	5	29 5	29	5	LOPART	2
29	6	29 6	29	6	LOPART	2
29	7	29 7	29	7	LOPART	2
29	8	29 8	29	8	LOPART	2
29	9	29 9	29	9	LOPART	2
29	10	29 10	29	10	LOPART	2
29	11	29 11	29	11	LOPART	2
29	12	29 12	29	12	LOPART	2
29	13	29 13	29	13	LOPART	2
29	14	29 14	29	14	LOPART	2
29	15	29 15	29	15	LOPART	2
29	16	29 16	29	16	LOPART	2
29	17	29 17	29	17	LOPART	2
29	18	29 18	29	18	LOPART	2
29	19	29 19	29	19	LOPART	2
30	20	30 20	30	20	LOPART	2
30	21	30 21	30	21	LOPART	2
30	22	30 22	30	22	LOPART	2
30	23	30 23	30	23	LOPART	2
30	24	30 24	30	24	LOPART	2
30	25	30 25	30	25	LOPART	2
30	26	30 26	30	26	LOPART	2
30	27	30 27	30	27	LOPART	2
30	28	30 28	30	28	LOPART	2
30	29	30 29	30	29	LOPART	2
31	20	31 20	31	20	LOPART	2
31	21	31 21	31	21	LOPART	2
31	22	31 22	31	22	LOPART	2
31	23	31 23	31	23	LOPART	2
31	24	31 24	31	24	LOPART	2
31	25	31 25	31	25	LOPART	2
31	26	31 26	31	26	LOPART	2
31	27	31 27	31	27	LOPART	2
31	28	31 28	31	28	LOPART	2
31	29	31 29	31	29	LOPART	2
31	30	31 30	31	30	LOPART	2
32	20	32 20	32	20	LOPART	2
32	21	32 21	32	21	LOPART	2
32	22	32 22	32	22	LOPART	2
32	23	32 23	32	23	LOPART	2
32	24	32 24	32	24	LOPART	2
32	25	32 25	32	25	LOPART	2
32	26	32 26	32	26	LOPART	2
32	27	32 27	32	27	LOPART	2
32	28	32 28	32	28	LOPART	2
32	29	32 29	32	29	LOPART	2
32	30	32 30	32	30	LOPART	2
32	31	32 31	32	31	LOPART	2
33	20	33 20	33	20	LOPART	2
33	21	33 21	33	21	LOPART	2
33	22	33 22	33	22	LOPART	2
33	23	33 23	33	23	LOPART	2
33	24	33 24	33	24	LOPART	2
33	25	33 25	33	25	LOPART	2
33	26	33 26	33	26	LOPART	2
33	27	33 27	33	27	LOPART	2
33	28	33 28	33	28	LOPART	2
33	29	33 29	33	29	LOPART	2
33	30	33 30	33	30	LOPART	2
33	31	33 31	33	31	LOPART	2
33	32	33 32	33	32	LOPART	2
34	20	34 20	34	20	LOPART	2
34	21	34 21	34	21	LOPART	2
34	22	34 22	34	22	LOPART	2
34	23	34 23	34	23	LOPART	2
34	24	34 24	34	24	LOPART	2
34	25	34 25	34	25	LOPART	2
34	26	34 26	34	26	LOPART	2
34	27	34 27	34	27	LOPART	2
34	28	34 28	34	28	LOPART	2
34	29	34 29	34	29	LOPART	2
34	30	34 30	34	30	LOPART	2
34	31	34 31	34	31	LOPART	2
34	32	34 32	34	32	LOPART	2
34	33	34 33	34	33	LOPART	2
35	20	35 20	35	20	LOPART	2
35	21	35 21	35	21	LOPART	2
35	22	35 22	35	22	LOPART	2
35	23	35 23	35	23	LOPART	2
35	24	35 24	35	24	LOPART	2
35	25	35 25	35	25	LOPART	2
35	26	35 26	35	26	LOPART	2
35	27	35 27	35	27	LOPART	2
35	28	35 28	35	28	LOPART	2
35	29	35 29	35	29	LOPART	2
35	30	35 30	35	30	LOPART	2
35	31	35 31	35	31	LOPART	2
35	32	35 32	35	32	LOPART	2
35	33	35 33	35	33	LOPART	2
35	34	35 34	35	34	LOPART	2
36	20	36 20	36	20	LOPART	2
36	21	36 21	36	21	LOPART	2
36	22	36 22	36	22	LOPART	2
36	23	36 23	36	23	LOPART	2
36	24	36 24	36	24	LOPART	2
36	25	36 25	36	25	LOPART	2
36	26	36 26	36	26	LOPART	2
36	27	36 27	36	27	LOPART	2
36	28	36 28	36	28	LOPART	2
36	29	36 29	36	29	LOPART	2
36	30	36 30	36	30	LOPART	2
36	31	36 31	36	31	LOPART	2
36	32	36 32	36	32	LOPART	2
36	33	36 33	36	33	LOPART	2
36	34	36 34	36	34	LOPART	2
36	35	36 35	36	35	LOPART	2
37	20	37 20	37	20	LOPART	2
37	21	37 21	37	21	LOPART	2
37	22	37 22	37	22	LOPART	2
37	23	37 23	37	23	LOPART	2
37	24	37 24	37	24	LOPART	2
37	25	37 25	37	25	LOPART	2
37	26	37 26	37	26	LOPART	2
37	27	37 27	37	27	LOPART	2
37	28	37 28	37	28	LOPART	2
37	29	37 29	37	29	LOPART	2
37	30	37 30	37	30	LOPART	2
37	31	37 31	37	31	LOPART	2
37	32	37 32	37	32	LOPART	2
37	33	37 33	37	33	LOPART	2
37	34	37 34	37	34	LOPART	2
37	35	37 35	37	35	LOPART	2
37	36	37 36	37	36	LOPART	2
38	20	38 20	38	20	LOPART	2
38	21	38 21	38	21	LOPART	2
38	22	38 22	38	22	LOPART	2
38	23	38 23	38	23	LOPART	2
38	24	38 24	38	24	LOPART	2
38	25	38 25	38	25	LOPART	2
38	26	38 26	38	26	LOPART	2
38	27	38 27	38	27	LOPART	2
38	28	38 28	38	28	LOPART	2
38	29	38 29	38	29	LOPART	2
38	30	38 30	38	30	LOPART	2
38	31	38 31	38	31	LOPART	2
38	32	38 32	38	32	LOPART	2
38	33	38 33	38	33	LOPART	2
38	34	38 34	38	34	LOPART	2
38	35	38 35	38	35	LOPART	2
38	36	38 36	38	36	LOPART	2
38	37	38 37	38	37	LOPART	2
39	20	39 20	39	20	LOPART	2
39	21	39 21	39	21	LOPART	2
39	22	39 22	39	22	LOPART	2
39	23	39 23	39	23	LOPART	2
39	24	39 24	39	24	LOPART	2
39	25	39 25	39	25	LOPART	2
39	26	39 26	39	26	LOPART	2
39	27	39 27	39	27	LOPART	2
39	28	39 28	39	28	LOPART	2
39	29	39 29	39	29	LOPART	2
39	30	39 30	39	30	LOPART	2
39	31	39 31	39	31	LOPART	2
39	32	39 32	39	32	LOPART	2
39	33	39 33	39	33	LOPART	2
39	34	39 34	39	34	LOPART	2
39	35	39 35	39	35	LOPART	2
39	36	39 36	39	36	LOPART	2
39	37	39 37	39	37	LOPART	2
39	38	39 38	39	38	LOPART	2
40	20	40 20	40	20	LOPART	2
40	21	40 21	40	21	LOPART	2
40	22	40 22	40	22	LOPART	2
40	23	40 23	40	23	LOPART	2
40	24	40 24	40	24	LOPART	2
40	25	40 25	40	25	LOPART	2
40	26	40 26	40	26	LOPART	2
40	27	40 27	40	27	LOPART	2
40	28	40 28	40	28	LOPART	2
40	29	40 29	40	29	LOPART	2
40	30	40 30	40	30	LOPART	2
40	31	40 31	40	31	LOPART	2
40	32	40 32	40	32	LOPART	2
40	33	40 33	40	33	LOPART	2
40	34	40 34	40	34	LOPART	2
40	35	40 35	40	35	LOPART	2
40	36	40 36	40	36	LOPART	2
40	37	40 37	40	37	LOPART	2
40	38	40 38	40	38	LOPART	2
40	39	40 39	40	39	LOPART	2
41	20	41 20	41	20	LOPART	2
41	21	41 21	41	21	LOPART	2
41	22	41 22	41	22	LOPART	2
41	23	41 23	41	23	LOPART	2
41	24	41 24	41	24	LOPART	2
41	25	41 25	41	25	LOPART	2
41	26	41 26	41	26	LOPART	2
41	27	41 27	41	27	LOPART	2
41	28	41 28	41	28	LOPART	2
41	29	41 29	41	29	LOPART	2
41	30	41 30	41	30	LOPART	2
41	31	41 31	41	31	LOPART	2
41	32	41 32	41	32	LOPART	2
41	33	41 33	41	33	LOPART	2
41	34	41 34	41	34	LOPART	2
41	35	41 35	41	35	LOPART	2
41	36	41 36	41	36	LOPART	2
41	37	41 37	41	37	LOPART	2
41	38	41 38	41	38	LOPART	2
41	39	41 39	41	39	LOPART	2
41	40	41 40	41	40	LOPART	2
42	20	42 20	42	20	LOPART	2
42	21	42 21	42	21	LOPART	2
42	22	42 22	42	22	LOPART	2
42	23	42 23	42	23	LOPART	2
42	24	42 24	42	24	LOPART	2
42	25	42 25	42	25	LOPART	2
42	26	42 26	42	26	LOPART	2
42	27	42 27	42	27	LOPART	2
42	28	42 28	42	28	LOPART	2
42	29	42 29	42	29	LOPART	2
42	30	42 30	42	30	LOPART	2
42	31	42 31	42	31	LOPART	2
42	32	42 32	42	32	LOPART	2
42	33	42 33	42	33	LOPART	2
42	34	42 34	42	34	LOPART	2
42	35	42 35	42	35	LOPART	2
42	36	42 36	42	36	LOPART	2
42	37	42 37	42	37	LOPART	2
42	38	42 38	42	38	LOPART	2
42	39	42 39	42	39	LOPART	2
42	40	42 40	42	40	LOPART	2
42	41	42 41	42	41	LOPART	2
43	20	43 20	43	20	LOPART	2
43	21	43 21	43	21	LOPART	2
43	22	43 22	43	22	LOPART	2
43	23	43 23	43	23	LOPART	2
43	24	43 24	43	24	LOPART	2
43	25	43 25	43	25	LOPART	2
43	26	43 26	43	26	LOPART	2
43	27	43 27	43	27	LOPART	2
43	28	43 28	43	28	LOPART	2
43	29	43 29	43	29	LOPART	2
43	30	43 30	43	30	LOPART	2
43	31	43 31	43	31	LOPART	2
43	32	43 32	43	32	LOPART	2
43	33	43 33	43	33	LOPART	2
43	34	43 34	43	34	LOPART	2
43	35	43 35	43	35	LOPART	2
43	36	43 36	43	36	LOPART	2
43	37	43 37	43	37	LOPART	2
43	38	43 38	43	38	LOPART	2
43	39	43 39	43	39	LOPART	2
43	40	43 40	43	40	LOPART	2
43	41	43 41	43	41	LOPART	2
43	42	43 42	43	42	LOPART	2
44	20	44 20	44	20	LOPART	2
44	21	44 21	44	21	LOPART	2
44	22	44 22	44	22	LOPART	2
44	23	44 23	44	23	LOPART	2
44	24	44 24	44	24	LOPART	2
44	25	44 25	44	25	LOPART	2
44	26	44 26	44	26	LOPART	2
44	27	44 27	44	27	LOPART	2
44	28	44 28	44	28	LOPART	2
44	29	44 29	44	29	LOPART	2
44	30	44 30	44	30	LOPART	2
44	31	44 31	44	31	LOPART	2
44	32	44 32	44	32	LOPART	2
44	33	44 33	44	33	LOPART	2
44	34	44 34	44	34	LOPART	2
44	35	44 35	44	35	LOPART	2
44	36	44 36	44	36	LOPART	2
44	37	44 37	44	37	LOPART	2
44	38	44 38	44	38	LOPART	2
44	39	44 39	44	39	LOPART	2
44	40	44 40	44	40	LOPART	2
44	41	44 41	44	41	LOPART	2
44	42	44 42	44	42	LOPART	2
44	43	44 43	44	43	LOPART	2
45	20	45 20	45	20	LOPART	2
45	21	45 21	45	21	LOPART	2
45	22	45 22	45	22	LOPART	2
45	23	45 23	45	23	LOPART	2
45	24	45 24	45	24	LOPART	2
45	25	45 25	45	25	LOPART	2
45	26	45 26	45	26	LOPART	2
45	27	45 27	45	27	LOPART	2
45	28	45 28	45	28	LOPART	2
45	29	45 29	45	29	LOPART	2
45	30	45 30	45	30	LOPART	2
45	31	45 31	45	31	LOPART	2
45	32	45 32	45	32	LOPART	2
45	33	45 33	45	33	LOPART	2
45	34	45 34	45	34	LOPART	2
45	35	45 35	45	35	LOPART	2
45	36	45 36	45	36	LOPART	2
45	37	45 37	45	37	LOPART	2
45	38	45 38	45	38	LOPART	2
45	39	45 39	45	39	LOPART	2
45	40	45 40	45	40	LOPART	2
45	41	45 41	45	41	LOPART	2
45	42	45 42	45	42	LOPART	2
45	43	45 43	45	43	LOPART	2
45	44	45 44	45	44	LOPART	2
46	20	46 20	46	20	LOPART	2
46	21	46 21	46	21	LOPART	2
46	22	46 22	46	22	LOPART	2
46	23	46 23	46	23	LOPART	2
46	24	46 24	46	24	LOPART	2
46	25	46 25	46	25	LOPART	2
46	26	46 26	46	26	LOPART	2
46	27	46 27	46	27	LOPART	2
46	28	46 28	46	28	LOPART	2
46	29	46 29	46	29	LOPART	2
46	30	46 30	46	30	LOPART	2
46	31	46 31	46	31	LOPART	2
46	32	46 32	46	32	LOPART	2
46	33	46 33	46	33	LOPART	2
46	34	46 34	46	34	LOPART	2
46	35	46 35	46	35	LOPART	2
46	36	46 36	46	36	LOPART	2
46	37	46 37	46	37	LOPART	2
46	38	46 38	46	38	LOPART	2
46	39	46 39	46	39	LOPART	2
46	40	46 40	46	40	LOPART	2
46	41	46 41	46	41	LOPART	2
46	42	46 42	46	42	LOPART	2
46	43	46 43	46	43	LOPART	2
46	44	46 44	46	44	LOPART	2
47	20	47 20	47	20	LOPART	2
47	21	47 21	47	21	LOPART	2
47	22	47 22	47	22	LOPART	2
47	23	47 23	47	23	LOPART	2
47	24	47 24	47	24	LOPART	2
47	25	47 25	47	25	LOPART	2
47	26	47 26	47	26	LOPART	2
47	27	47 27	47	27	LOPART	2
47	28	47 28	47	28	LOPART	2
47	29	47 29	47	29	LOPART	2
47	30	47 30	47	30	LOPART	2
47	31	47 31	47	31	LOPART	2
47	32	47 32	47	32	LOPART	2
47	33	47 33	47	33	LOPART	2
47	34	47 34	47	34	LOPART	2
47	35	47 35	47	35	LOPART	2
47	36	47 36	47	36	LOPART	2
47	37	47 37	47	37	LOPART	2
47	38	47 38	47	38	LOPART	2
47	39	47 39	47	39	LOPART	2
47	40	47 40	47	40	LOPART	2
47	41	47 41	47	41	LOPART	2
47	42	47 42	47	42	LOPART	2
47	43	47 43	47	43	LOPART	2
47	44	47 44	47	44	LOPART	2
48	20	48 20	48	20	LOPART	2
48	21	48 21	48	21	LOPART	2
48	22	48 22	48	22	LOPART	2
48	23	48 23	48	23	LOPART	2
48	24	48 24	48	24	LOPART	2
48	25	48 25	48	25	LOPART	2
48	26	48 26	48	26	LOPART	2
48	27	48 27	48	27	LOPART	2
48	28	48 28	48	28	LOPART	2
48	29	48 29	48	29	LOPART	2
48	30	48 30	48	30	LOPART	2
48	31	48 31	48	31	LOPART	2
48	32	48 32	48	32	LOPART	2
48	33	48 33	48	33	LOPART	2
48	34	48 34	48	34	LOPART	2
48	35	48 35	48	35	LOPART	2
48	36	48 36	48	36	LOPART	2
48	37	48 37	48	37	LOPART	2
48	38	48 38	48	38	LOPART	2
48	39	48 39	48	39	LOPART	2
48	40	48 40	48	40	LOPART	2
48	41	48 41	48	41	LOPART	2
48	42	48 42	48	42	LOPART	2
48	43	48 43	48	43	LOPART	2
48	44	48 44	48	44	LOPART	2
49	20	49 20	49	20	LOPART	2
49	21	49 21	49	21	LOPART	2
49	22	49 22	49	22	LOPART	2
49	23	49 23	49	23	LOPART	2
49	24	49 24	49	24	LOPART	2
49	25	49 25	49	25	LOPART	2
49	26	49 26	49	26	LOPART	2
49	27	49 27	49	27	LOPART	2
49	28	49 28	49	28	LOPART	2
49	29	49 29	49	29	LOPART	2
49	30	49 30	49	30	LOPART	2
49	31	49 31	49	31	LOPART	2
49	32	49 32	49	32	LOPART	2
49	33	49 33	49	33	LOPART	2
49	34	49 34	49	34	LOPART	2
49	35	49 35	49	35	LOPART	2
49	36	49 36	49	36	LOPART	2
49	37	49 37	49	37	LOPART	2
49	38	49 38	49	38	LOPART	2
49	39	49 39	49	39	LOPART	2
49	40	49 40	49	40	LOPART	2
49	41	49 41	49	41	LOPART	2
49	42	49 42	49	42	LOPART	2
49	43	49 43	49	43	LOPART	2
49	44	49 44	49	44	LOPART	2
50	20	50 20	50	20	LOPART	2
50	21	50 21	50	21	LOPART	2
50	22	50 22	50	22	LOPART	2
50	23	50 23	50	23	LOPART	2
50	24	50 24	50	24	LOPART	2
50	25	50 25	50	25	LOPART	2
50	26	50 26	50	26	LOPART	2
50	27	50 27	50	27	LOPART	2
50	28	50 28	50	28	LOPART	2
50	29	50 29	50	29	LOPART	2
50	30	50 30	50	30	LOPART	2
50	31	50 31	50	31	LOPART	2
50	32	50 32	50	32	LOPART	2
50	33	50 33	50	33	LOPART	2
50	34	50 34	50	34	LOPART	2
50	35	50 35	50	35	LOPART	2
50	36	50 36	50	36	LOPART	2
50	37	50 37	50	37	LOPART	2
50	38	50 38	50	38	LOPART	2
50	39	50 39	50	39	LOPART	2
50	40	50 40	50	40	LOPART	2
50	41	50 41	50	41	LOPART	2
50	42	50 42	50	42	LOPART	2
50	43	50 43	50	43	LOPART	2
50	44	50 44	50	44	LOPART	2
51	20	51 20	51	20	LOPART	2
51	21	51 21	51	21	LOPART	2
51	22	51 22	51	22	LOPART	2
51	23	51 23	51	23	LOPART	2
51	24	51 24	51	24	LOPART	2
51	25	51 25	51	25	LOPART	2
51	26	51 26	51	26	LOPART	2
51	27	51 27	51	27	LOPART	2
51	28	51 28	51	28	LOPART	2
51	29	51 29	51	29	LOPART	2
51	30	51 30	51	30	LOPART	2
51	31	51 31	51	31	LOPART	2
51	32	51 32	51	32	LOPART	2
51	33	51 33	51	33	LOPART	2
51	34	51 34	51	34	LOPART	2
51	35	51 35	51	35	LOPART	2
51	36	51 36	51	36	LOPART	2
51	37	51 37	51	37	LOPART	2
51	38	51 38	51	38	LOPART	2
51	39	51 39	51	39	LOPART	2
51	40	51 40	51	40	LOPART	2
51	41	51 41	51	41	LOPART	2
51	42	51 42	51	42	LOPART	2
51	43	51 43	51	43	LOPART	2
51	44	51 44	51	44	LOPART	2
52	20	52 20	52	20	LOPART	2
52	21	52 21	52	21	LOPART	2
52	22	52 22	52	22	LOPART	2
52	23	52 23	52	23	LOPART	2
52	24	52 24	52	24	LOPART	2
52	25	52 25	52	25	LOPART	2
52	26	52 26	52	26	LOPART	2
52	27	52 27	52	27	LOPART	2
52	28	52 28	52	28	LOPART	2
52	29	52 29	52	29	LOPART	2
52	30	52 30	52	30	LOPART	2
52	31	52 31	52	31	LOPART	2
52	32	52 32	52	32	LOPART	2
52	33	52 33	52	33	LOPART	2
52	34	52 34	52	34	LOPART	2
52	35	52 35	52	35	LOPART	2
52	36	52 36	52	36	LOPART	2
52	37	52 37	52	37	LOPART	2
52	38	52 38	52	38	LOPART	2
52	39	52 39	52	39	LOPART	2
52	40	52 40	52	40	LOPART	2
52	41	52 41	52	41	LOPART	2
52	42	52 42	52	42	LOPART	2
52	43	52 43	52	43	LOPART	2
52	44	52 44	52	44	LOPART	2
53	20	53 20	53	20	LOPART	2
53	21	53 21	53	21	LOPART	2
53	22	53 22	53	22	LOPART	2
53	23	53 23	53	23	LOPART	2
53	24	53 24	53	24	LOPART	2
53	25	53 25	53	25	LOPART	2
53	26	53 26	53	26	LOPART	2
53	27	53 27	53	27	LOPART	2
53	28	53 28	53	28	LOPART	2
53	29	53 29	53	29	LOPART	2
53	30	53 30	53	30	LOPART	2
53	31	53 31	53	31	LOPART	2
53	32	53 32	53	32	LOPART	2
53	33	53 33	53	33	LOPART	2
53	34	53 34	53	34	LOPART	2
53	35	53 35	53	35	LOPART	2
53	36	53 36	53	36	LOPART	2
53	37	53 37	53	37	LOPART	2
53	38	53 38	53	38	LOPART	2
53	39	53 39	53	39	LOPART	2
53	40	53 40	53	40	LOPART	2
53	41	53 41	53	41	LOPART	2
53	42	53 42	53	42	LOPART	2
53	43	53 43	53	43	LOPART	2
53	44	53 44	53	44	LOPART	2
54	20	54 20	54	20	LOPART	2
54	21	54 21	54	21	LOPART	2
54	22	54 22	54	22	LOPART	2
54	23	54 23	54	23	LOPART	2
54	24	54 24	54	24	LOPART	2
54	25	54 25	54	25	LOPART	2
54	26	54 26	54	26	LOPART	2
54	27	54 27	54	27	LOPART	2
54	28	54 28	54	28	LOPART	2
54	29	54 29	54	29	LOPART	2
54	30	54 30	54	30	LOPART	2
54	31	54 31	54	31	LOPART	2
54	32	54 32	54	32	LOPART	2
54	33	54 33	54	33	LOPART	2
54	34	54 34	54	34	LOPART	2
54	35	54 35	54	35	LOPART	2
54	36	54 36	54	36	LOPART	2
54	37	54 37	54	37	LOPART	2
54	38	54 38	54	38	LOPART	2
54	39	54 39	54	39	LOPART	2
54	40	54 40	54	40	LOPART	2
54	41	54 41	54	41	LOPART	2
54	42	54 42	54	42	LOPART	2
54	43	54 43	54	43	LOPART	2
54	44	54 44	54	44	LOPART	2
55	45	55 45	55	45	LOPART	2
55	46	55 46	55	46	LOPART	2
55	47	55 47	55	47	LOPART	2
55	48	55 48	55	48	LOPART	2
55	49	55 49	55	49	LOPART	2
55	50	55 50	55	50	LOPART	2
55	51	55 51	55	51	LOPART	2
55	52	55 52	55	52	LOPART	2
55	53	55 53	55	53	LOPART	2
55	54	55 54	55	54	LOPART	2
56	45	56 45	56	45	LOPART	2
56	46	56 46	56	46	LOPART	2
56	47	56 47	56	47	LOPART	2
56	48	56 48	56	48	LOPART	2
56	49	56 49	56	49	LOPART	2
56	50	56 50	56	50	LOPART	2
56	51	56 51	56	51	LOPART	2
56	52	56 52	56	52	LOPART	2
56	53	56 53	56	53	LOPART	2
56	54	56 54	56	54	LOPART	2
56	55	56 55	56	55	LOPART	2
57	45	57 45	57	45	LOPART	2
57	46	57 46	57	46	LOPART	2
57	47	57 47	57	47	LOPART	2
57	48	57 48	57	48	LOPART	2
57	49	57 49	57	49	LOPART	2
57	50	57 50	57	50	LOPART	2
57	51	57 51	57	51	LOPART	2
57	52	57 52	57	52	LOPART	2
57	53	57 53	57	53	LOPART	2
57	54	57 54	57	54	LOPART	2
57	55	57 55	57	55	LOPART	2
57	56	57 56	57	56	LOPART	2
58	45	58 45	58	45	LOPART	2
58	46	58 46	58	46	LOPART	2
58	47	58 47	58	47	LOPART	2
58	48	58 48	58	48	LOPART	2
58	49	58 49	58	49	LOPART	2
58	50	58 50	58	50	LOPART	2
58	51	58 51	58	51	LOPART	2
58	52	58 52	58	52	LOPART	2
58	53	58 53	58	53	LOPART	2
58	54	58 54	58	54	LOPART	2
58	55	58 55	58	55	LOPART	2
58	56	58 56	58	56	LOPART	2
58	57	58 57	58	57	LOPART	2
59	45	59 45	59	45	LOPART	2
59	46	59 46	59	46	LOPART	2
59	47	59 47	59	47	LOPART	2
59	48	59 48	59	48	LOPART	2
59	49	59 49	59	49	LOPART	2
59	50	59 50	59	50	LOPART	2
59	51	59 51	59	51	LOPART	2
59	52	59 52	59	52	LOPART	2
59	53	59 53	59	53	LOPART	2
59	54	59 54	59	54	LOPART	2
59	55	59 55	59	55	LOPART	2
59	56	59 56	59	56	LOPART	2
59	57	59 57	59	57	LOPART	2
59	58	59 58	59	58	LOPART	2
60	45	60 45	60	45	LOPART	2
60	46	60 46	60	46	LOPART	2
60	47	60 47	60	47	LOPART	2
60	48	60 48	60	48	LOPART	2
60	49	60 49	60	49	LOPART	2
60	50	60 50	60	50	LOPART	2
60	51	60 51	60	51	LOPART	2
60	52	60 52	60	52	LOPART	2
60	53	60 53	60	53	LOPART	2
60	54	60 54	60	54	LOPART	2
60	55	60 55	60	55	LOPART	2
60	56	60 56	60	56	LOPART	2
60	57	60 57	60	57	LOPART	2
60	58	60 58	60	58	LOPART	2
60	59	60 59	60	59	LOPART	2
61	45	61 45	61	45	LOPART	2
61	46	61 46	61	46	LOPART	2
61	47	61 47	61	47	LOPART	2
61	48	61 48	61	48	LOPART	2
61	49	61 49	61	49	LOPART	2
61	50	61 50	61	50	LOPART	2
61	51	61 51	61	51	LOPART	2
61	52	61 52	61	52	LOPART	2
61	53	61 53	61	53	LOPART	2
61	54	61 54	61	54	LOPART	2
61	55	61 55	61	55	LOPART	2
61	56	61 56	61	56	LOPART	2
61	57	61 57	61	57	LOPART	2
61	58	61 58	61	58	LOPART	2
61	59	61 59	61	59	LOPART	2
61	60	61 60	61	60	LOPART	2
62	45	62 45	62	45	LOPART	2
62	46	62 46	62	46	LOPART	2
62	47	62 47	62	47	LOPART	2
62	48	62 48	62	48	LOPART	2
62	49	62 49	62	49	LOPART	2
62	50	62 50	62	50	LOPART	2
62	51	62 51	62	51	LOPART	2
62	52	62 52	62	52	LOPART	2
62	53	62 53	62	53	LOPART	2
62	54	62 54	62	54	LOPART	2
62	55	62 55	62	55	LOPART	2
62	56	62 56	62	56	LOPART	2
62	57	62 57	62	57	LOPART	2
62	58	62 58	62	58	LOPART	2
62	59	62 59	62	59	LOPART	2
62	60	62 60	62	60	LOPART	2
62	61	62 61	62	61	LOPART	2
63	45	63 45	63	45	LOPART	2
63	46	63 46	63	46	LOPART	2
63	47	63 47	63	47	LOPART	2
63	48	63 48	63	48	LOPART	2
63	49	63 49	63	49	LOPART	2
63	50	63 50	63	50	LOPART	2
63	51	63 51	63	51	LOPART	2
63	52	63 52	63	52	LOPART	2
63	53	63 53	63	53	LOPART	2
63	54	63 54	63	54	LOPART	2
63	55	63 55	63	55	LOPART	2
63	56	63 56	63	56	LOPART	2
63	57	63 57	63	57	LOPART	2
63	58	63 58	63	58	LOPART	2
63	59	63 59	63	59	LOPART	2
63	60	63 60	63	60	LOPART	2
63	61	63 61	63	61	LOPART	2
63	62	63 62	63	62	LOPART	2
64	45	64 45	64	45	LOPART	2
64	46	64 46	64	46	LOPART	2
64	47	64 47	64	47	LOPART	2
64	48	64 48	64	48	LOPART	2
64	49	64 49	64	49	LOPART	2
64	50	64 50	64	50	LOPART	2
64	51	64 51	64	51	LOPART	2
64	52	64 52	64	52	LOPART	2
64	53	64 53	64	53	LOPART	2
64	54	64 54	64	54	LOPART	2
64	55	64 55	64	55	LOPART	2
64	56	64 56	64	56	LOPART	2
64	57	64 57	64	57	LOPART	2
64	58	64 58	64	58	LOPART	2
64	59	64 59	64	59	LOPART	2
64	60	64 60	64	60	LOPART	2
64	61	64 61	64	61	LOPART	2
64	62	64 62	64	62	LOPART	2
64	63	64 63	64	63	LOPART	2
65	45	65 45	65	45	LOPART	2
65	46	65 46	65	46	LOPART	2
65	47	65 47	65	47	LOPART	2
65	48	65 48	65	48	LOPART	2
65	49	65 49	65	49	LOPART	2
65	50	65 50	65	50	LOPART	2
65	51	65 51	65	51	LOPART	2
65	52	65 52	65	52	LOPART	2
65	53	65 53	65	53	LOPART	2
65	54	65 54	65	54	LOPART	2
65	55	65 55	65	55	LOPART	2
65	56	65 56	65	56	LOPART	2
65	57	65 57	65	57	LOPART	2
65	58	65 58	65	58	LOPART	2
65	59	65 59	65	59	LOPART	2
65	60	65 60	65	60	LOPART	2
65	61	65 61	65	61	LOPART	2
65	62	65 62	65	62	LOPART	2
65	63	65 63	65	63	LOPART	2
65	64	65 64	65	64	LOPART	2
66	45	66 45	66	45	LOPART	2
66	46	66 46	66	46	LOPART	2
66	47	66 47	66	47	LOPART	2
66	48	66 48	66	48	LOPART	2
66	49	66 49	66	49	LOPART	2
66	50	66 50	66	50	LOPART	2
66	51	66 51	66	51	LOPART	2
66	52	66 52	66	52	LOPART	2
66	53	66 53	66	53	LOPART	2
66	54	66 54	66	54	LOPART	2
66	55	66 55	66	55	LOPART	2
66	56	66 56	66	56	LOPART	2
66	57	66 57	66	57	LOPART	2
66	58	66 58	66	58	LOPART	2
66	59	66 59	66	59	LOPART	2
66	60	66 60	66	60	LOPART	2
66	61	66 61	66	61	LOPART	2
66	62	66 62	66	62	LOPART	2
66	63	66 63	66	63	LOPART	2
66	64	66 64	66	64	LOPART	2
66	65	66 65	66	65	LOPART	2
67	45	67 45	67	45	LOPART	2
67	46	67 46	67	46	LOPART	2
67	47	67 47	67	47	LOPART	2
67	48	67 48	67	48	LOPART	2
67	49	67 49	67	49	LOPART	2
67	50	67 50	67	50	LOPART	2
67	51	67 51	67	51	LOPART	2
67	52	67 52	67	52	LOPART	2
67	53	67 53	67	53	LOPART	2
67	54	67 54	67	54	LOPART	2
67	55	67 55	67	55	LOPART	2
67	56	67 56	67	56	LOPART	2
67	57	67 57	67	57	LOPART	2
67	58	67 58	67	58	LOPART	2
67	59	67 59	67	59	LOPART	2
67	60	67 60	67	60	LOPART	2
67	61	67 61	67	61	LOPART	2
67	62	67 62	67	62	LOPART	2
67	63	67 63	67	63	LOPART	2
67	64	67 64	67	64	LOPART	2
67	65	67 65	67	65	LOPART	2
67	66	67 66	67	66	LOPART	2
68	45	68 45	68	45	LOPART	2
68	46	68 46	68	46	LOPART	2
68	47	68 47	68	47	LOPART	2
68	48	68 48	68	48	LOPART	2
68	49	68 49	68	49	LOPART	2
68	50	68 50	68	50	LOPART	2
68	51	68 51	68	51	LOPART	2
68	52	68 52	68	52	LOPART	2
68	53	68 53	68	53	LOPART	2
68	54	68 54	68	54	LOPART	2
68	55	68 55	68	55	LOPART	2
68	56	68 56	68	56	LOPART	2
68	57	68 57	68	57	LOPART	2
68	58	68 58	68	58	LOPART	2
68	59	68 59	68	59	LOPART	2
68	60	68 60	68	60	LOPART	2
68	61	68 61	68	61	LOPART	2
68	62	68 62	68	62	LOPART	2
68	63	68 63	68	63	LOPART	2
68	64	68 64	68	64	LOPART	2
68	65	68 65	68	65	LOPART	2
68	66	68 66	68	66	LOPART	2
68	67	68 67	68	67	LOPART	2
69	45	69 45	69	45	LOPART	2
69	46	69 46	69	46	LOPART	2
69	47	69 47	69	47	LOPART	2
69	48	69 48	69	48	LOPART	2
69	49	69 49	69	49	LOPART	2
69	50	69 50	69	50	LOPART	2
69	51	69 51	69	51	LOPART	2
69	52	69 52	69	52	LOPART	2
69	53	69 53	69	53	LOPART	2
69	54	69 54	69	54	LOPART	2
69	55	69 55	69	55	LOPART	2
69	56	69 56	69	56	LOPART	2
69	57	69 57	69	57	LOPART	2
69	58	69 58	69	58	LOPART	2
69	59	69 59	69	59	LOPART	2
69	60	69 60	69	60	LOPART	2
69	61	69 61	69	61	LOPART	2
69	62	69 62	69	62	LOPART	2
69	63	69 63	69	63	LOPART	2
69	64	69 64	69	64	LOPART	2
69	65	69 65	69	65	LOPART	2
69	66	69 66	69	66	LOPART	2
69	67	69 67	69	67	LOPART	2
69	68	69 68	69	68	LOPART	2
70	45	70 45	70	45	LOPART	2
70	46	70 46	70	46	LOPART	2
70	47	70 47	70	47	LOPART	2
70	48	70 48	70	48	LOPART	2
70	49	70 49	70	49	LOPART	2
70	50	70 50	70	50	LOPART	2
70	51	70 51	70	51	LOPART	2
70	52	70 52	70	52	LOPART	2
70	53	70 53	70	53	LOPART	2
70	54	70 54	70	54	LOPART	2
70	55	70 55	70	55	LOPART	2
70	56	70 56	70	56	LOPART	2
70	57	70 57	70	57	LOPART	2
70	58	70 58	70	58	LOPART	2
70	59	70 59	70	59	LOPART	2
70	60	70 60	70	60	LOPART	2
70	61	70 61	70	61	LOPART	2
70	62	70 62	70	62	LOPART	2
70	63	70 63	70	63	LOPART	2
70	64	70 64	70	64	LOPART	2
70	65	70 65	70	65	LOPART	2
70	66	70 66	70	66	LOPART	2
70	67	70 67	70	67	LOPART	2
70	68	70 68	70	68	LOPART	2
70	69	70 69	70	69	LOPART	2
71	45	71 45	71	45	LOPART	2
71	46	71 46	71	46	LOPART	2
71	47	71 47	71	47	LOPART	2
71	48	71 48	71	48	LOPART	2
71	49	71 49	71	49	LOPART	2
71	50	71 50	71	50	LOPART	2
71	51	71 51	71	51	LOPART	2
71	52	71 52	71	52	LOPART	2
71	53	71 53	71	53	LOPART	2
71	54	71 54	71	54	LOPART	2
71	55	71 55	71	55	LOPART	2
71	56	71 56	71	56	LOPART	2
71	57	71 57	71	57	LOPART	2
71	58	71 58	71	58	LOPART	2
71	59	71 59	71	59	LOPART	2
71	60	71 60	71	60	LOPART	2
71	61	71 61	71	61	LOPART	2
71	62	71 62	71	62	LOPART	2
71	63	71 63	71	63	LOPART	2
71	64	71 64	71	64	LOPART	2
71	65	71 65	71	65	LOPART	2
71	66	71 66	71	66	LOPART	2
71	67	71 67	71	67	LOPART	2
71	68	71 68	71	68	LOPART	2
71	69	71 69	71	69	LOPART	2
71	70	71 70	71	70	LOPART	2
72	45	72 45	72	45	LOPART	2
72	46	72 46	72	46	LOPART	2
72	47	72 47	72	47	LOPART	2
72	48	72 48	72	48	LOPART	2
72	49	72 49	72	49	LOPART	2
72	50	72 50	72	50	LOPART	2
72	51	72 51	72	51	LOPART	2
72	52	72 52	72	52	LOPART	2
72	53	72 53	72	53	LOPART	2
72	54	72 54	72	54	LOPART	2
72	55	72 55	72	55	LOPART	2
72	56	72 56	72	56	LOPART	2
72	57	72 57	72	57	LOPART	2
72	58	72 58	72	58	LOPART	2
72	59	72 59	72	59	LOPART	2
72	60	72 60	72	60	LOPART	2
72	61	72 61	72	61	LOPART	2
72	62	72 62	72	62	LOPART	2
72	63	72 63	72	63	LOPART	2
72	64	72 64	72	64	LOPART	2
72	65	72 65	72	65	LOPART	2
72	66	72 66	72	66	LOPART	2
72	67	72 67	72	67	LOPART	2
72	68	72 68	72	68	LOPART	2
72	69	72 69	72	69	LOPART	2
72	70	72 70	72	70	LOPART	2
72	71	72 71	72	71	LOPART	2
73	45	73 45	73	45	LOPART	2
73	46	73 46	73	46	LOPART	2
73	47	73 47	73	47	LOPART	2
73	48	73 48	73	48	LOPART	2
73	49	73 49	73	49	LOPART	2
73	50	73 50	73	50	LOPART	2
73	51	73 51	73	51	LOPART	2
73	52	73 52	73	52	LOPART	2
73	53	73 53	73	53	LOPART	2
73	54	73 54	73	54	LOPART	2
73	55	73 55	73	55	LOPART	2
73	56	73 56	73	56	LOPART	2
73	57	73 57	73	57	LOPART	2
73	58	73 58	73	58	LOPART	2
73	59	73 59	73	59	LOPART	2
73	60	73 60	73	60	LOPART	2
73	61	73 61	73	61	LOPART	2
73	62	73 62	73	62	LOPART	2
73	63	73 63	73	63	LOPART	2
73	64	73 64	73	64	LOPART	2
73	65	73 65	73	65	LOPART	2
73	66	73 66	73	66	LOPART	2
73	67	73 67	73	67	LOPART	2
73	68	73 68	73	68	LOPART	2
73	69	73 69	73	69	LOPART	2
73	70	73 70	73	70	LOPART	2
73	71	73 71	73	71	LOPART	2
73	72	73 72	73	72	LOPART	2
74	45	74 45	74	45	LOPART	2
74	46	74 46	74	46	LOPART	2
74	47	74 47	74	47	LOPART	2
74	48	74 48	74	48	LOPART	2
74	49	74 49	74	49	LOPART	2
74	50	74 50	74	50	LOPART	2
74	51	74 51	74	51	LOPART	2
74	52	74 52	74	52	LOPART	2
74	53	74 53	74	53	LOPART	2
74	54	74 54	74	54	LOPART	2
74	55	74 55	74	55	LOPART	2
74	56	74 56	74	56	LOPART	2
74	57	74 57	74	57	LOPART	2
74	58	74 58	74	58	LOPART	2
74	59	74 59	74	59	LOPART	2
74	60	74 60	74	60	LOPART	2
74	61	74 61	74	61	LOPART	2
74	62	74 62	74	62	LOPART	2
74	63	74 63	74	63	LOPART	2
74	64	74 64	74	64	LOPART	2
74	65	74 65	74	65	LOPART	2
74	66	74 66	74	66	LOPART	2
74	67	74 67	74	67	LOPART	2
74	68	74 68	74	68	LOPART	2
74	69	74 69	74	69	LOPART	2
74	70	74 70	74	70	LOPART	2
74	71	74 71	74	71	LOPART	2
74	72	74 72	74	72	LOPART	2
74	73	74 73	74	73	LOPART	2
75	45	75 45	75	45	LOPART	2
75	46	75 46	75	46	LOPART	2
75	47	75 47	75	47	LOPART	2
75	48	75 48	75	48	LOPART	2
75	49	75 49	75	49	LOPART	2
75	50	75 50	75	50	LOPART	2
75	51	75 51	75	51	LOPART	2
75	52	75 52	75	52	LOPART	2
75	53	75 53	75	53	LOPART	2
75	54	75 54	75	54	LOPART	2
75	55	75 55	75	55	LOPART	2
75	56	75 56	75	56	LOPART	2
75	57	75 57	75	57	LOPART	2
75	58	75 58	75	58	LOPART	2
75	59	75 59	75	59	LOPART	2
75	60	75 60	75	60	LOPART	2
75	61	75 61	75	61	LOPART	2
75	62	75 62	75	62	LOPART	2
75	63	75 63	75	63	LOPART	2
75	64	75 64	75	64	LOPART	2
75	65	75 65	75	65	LOPART	2
75	66	75 66	75	66	LOPART	2
75	67	75 67	75	67	LOPART	2
75	68	75 68	75	68	LOPART	2
75	69	75 69	75	69	LOPART	2
75	70	75 70	75	70	LOPART	2
75	71	75 71	75	71	LOPART	2
75	72	75 72	75	72	LOPART	2
75	73	75 73	75	73	LOPART	2
75	74	75 74	75	74	LOPART	2
76	45	76 45	76	45	LOPART	2
76	46	76 46	76	46	LOPART	2
76	47	76 47	76	47	LOPART	2
76	48	76 48	76	48	LOPART	2
76	49	76 49	76	49	LOPART	2
76	50	76 50	76	50	LOPART	2
76	51	76 51	76	51	LOPART	2
76	52	76 52	76	52	LOPART	2
76	53	76 53	76	53	LOPART	2
76	54	76 54	76	54	LOPART	2
76	55	76 55	76	55	LOPART	2
76	56	76 56	76	56	LOPART	2
76	57	76 57	76	57	LOPART	2
76	58	76 58	76	58	LOPART	2
76	59	76 59	76	59	LOPART	2
76	60	76 60	76	60	LOPART	2
76	61	76 61	76	61	LOPART	2
76	62	76 62	76	62	LOPART	2
76	63	76 63	76	63	LOPART	2
76	64	76 64	76	64	LOPART	2
76	65	76 65	76	65	LOPART	2
76	66	76 66	76	66	LOPART	2
76	67	76 67	76	67	LOPART	2
76	68	76 68	76	68	LOPART	2
76	69	76 69	76	69	LOPART	2
76	70	76 70	76	70	LOPART	2
76	71	76 71	76	71	LOPART	2
76	72	76 72	76	72	LOPART	2
76	73	76 73	76	73	LOPART	2
76	74	76 74	76	74	LOPART	2
76	75	76 75	76	75	LOPART	2
77	45	77 45	77	45	LOPART	2
77	46	77 46	77	46	LOPART	2
77	47	77 47	77	47	LOPART	2
77	48	77 48	77	48	LOPART	2
77	49	77 49	77	49	LOPART	2
77	50	77 50	77	50	LOPART	2
77	51	77 51	77	51	LOPART	2
77	52	77 52	77	52	LOPART	2
77	53	77 53	77	53	LOPART	2
77	54	77 54	77	54	LOPART	2
77	55	77 55	77	55	LOPART	2
77	56	77 56	77	56	LOPART	2
77	57	77 57	77	57	LOPART	2
77	58	77 58	77	58	LOPART	2
77	59	77 59	77	59	LOPART	2
77	60	77 60	77	60	LOPART	2
77	61	77 61	77	61	LOPART	2
77	62	77 62	77	62	LOPART	2
77	63	77 63	77	63	LOPART	2
77	64	77 64	77	64	LOPART	2
77	65	77 65	77	65	LOPART	2
77	66	77 66	77	66	LOPART	2
77	67	77 67	77	67	LOPART	2
77	68	77 68	77	68	LOPART	2
77	69	77 69	77	69	LOPART	2
77	70	77 70	77	70	LOPART	2
77	71	77 71	77	71	LOPART	2
77	72	77 72	77	72	LOPART	2
77	73	77 73	77	73	LOPART	2
77	74	77 74	77	74	LOPART	2
77	75	77 75	77	75	LOPART	2
77	76	77 76	77	76	LOPART	2
78	45	78 45	78	45	LOPART	2
78	46	78 46	78	46	LOPART	2
78	47	78 47	78	47	LOPART	2
78	48	78 48	78	48	LOPART	2
78	49	78 49	78	49	LOPART	2
78	50	78 50	78	50	LOPART	2
78	51	78 51	78	51	LOPART	2
78	52	78 52	78	52	LOPART	2
78	53	78 53	78	53	LOPART	2
78	54	78 54	78	54	LOPART	2
78	55	78 55	78	55	LOPART	2
78	56	78 56	78	56	LOPART	2
78	57	78 57	78	57	LOPART	2
78	58	78 58	78	58	LOPART	2
78	59	78 59	78	59	LOPART	2
78	60	78 60	78	60	LOPART	2
78	61	78 61	78	61	LOPART	2
78	62	78 62	78	62	LOPART	2
78	63	78 63	78	63	LOPART	2
78	64	78 64	78	64	LOPART	2
78	65	78 65	78	65	LOPART	2
78	66	78 66	78	66	LOPART	2
78	67	78 67	78	67	LOPART	2
78	68	78 68	78	68	LOPART	2
78	69	78 69	78	69	LOPART	2
78	70	78 70	78	70	LOPART	2
78	71	78 71	78	71	LOPART	2
78	72	78 72	78	72	LOPART	2
78	73	78 73	78	73	LOPART	2
78	74	78 74	78	74	LOPART	2
78	75	78 75	78	75	LOPART	2
78	76	78 76	78	76	LOPART	2
78	77	78 77	78	77	LOPART	2
79	45	79 45	79	45	LOPART	2
79	46	79 46	79	46	LOPART	2
79	47	79 47	79	47	LOPART	2
79	48	79 48	79	48	LOPART	2
79	49	79 49	79	49	LOPART	2
79	50	79 50	79	50	LOPART	2
79	51	79 51	79	51	LOPART	2
79	52	79 52	79	52	LOPART	2
79	53	79 53	79	53	LOPART	2
79	54	79 54	79	54	LOPART	2
79	55	79 55	79	55	LOPART	2
79	56	79 56	79	56	LOPART	2
79	57	79 57	79	57	LOPART	2
79	58	79 58	79	58	LOPART	2
79	59	79 59	79	59	LOPART	2
79	60	79 60	79	60	LOPART	2
79	61	79 61	79	61	LOPART	2
79	62	79 62	79	62	LOPART	2
79	63	79 63	79	63	LOPART	2
79	64	79 64	79	64	LOPART	2
79	65	79 65	79	65	LOPART	2
79	66	79 66	79	66	LOPART	2
79	67	79 67	79	67	LOPART	2
79	68	79 68	79	68	LOPART	2
79	69	79 69	79	69	LOPART	2
79	70	79 70	79	70	LOPART	2
79	71	79 71	79	71	LOPART	2
79	72	79 72	79	72	LOPART	2
79	73	79 73	79	73	LOPART	2
79	74	79 74	79	74	LOPART	2
79	75	79 75	79	75	LOPART	2
79	76	79 76	79	76	LOPART	2
79	77	79 77	79	77	LOPART	2
79	78	79 78	79	78	LOPART	2
90	45	90 45	90	45	LOPART	2
90	46	90 46	90	46	LOPART	2
90	47	90 47	90	47	LOPART	2
90	48	90 48	90	48	LOPART	2
90	49	90 49	90	49	LOPART	2
90	50	90 50	90	50	LOPART	2
90	51	90 51	90	51	LOPART	2
90	52	90 52	90	52	LOPART	2
90	53	90 53	90	53	LOPART	2
90	54	90 54	90	54	LOPART	2
90	55	90 55	90	55	LOPART	2
90	56	90 56	90	56	LOPART	2
90	57	90 57	90	57	LOPART	2
90	58	90 58	90	58	LOPART	2
90	59	90 59	90	59	LOPART	2
90	60	90 60	90	60	LOPART	2
90	61	90 61	90	61	LOPART	2
90	62	90 62	90	62	LOPART	2
90	63	90 63	90	63	LOPART	2
90	64	90 64	90	64	LOPART	2
90	65	90 65	90	65	LOPART	2
90	66	90 66	90	66	LOPART	2
90	67	90 67	90	67	LOPART	2
90	68	90 68	90	68	LOPART	2
90	69	90 69	90	69	LOPART	2
90	70	90 70	90	70	LOPART	2
90	71	90 71	90	71	LOPART	2
90	72	90 72	90	72	LOPART	2
90	73	90 73	90	73	LOPART	2
90	74	90 74	90	74	LOPART	2
90	75	90 75	90	75	LOPART	2
90	76	90 76	90	76	LOPART	2
90	77	90 77	90	77	LOPART	2
90	78	90 78	90	78	LOPART	2
90	79	90 79	90	79	LOPART	2
91	45	91 45	91	45	LOPART	2
91	46	91 46	91	46	LOPART	2
91	47	91 47	91	47	LOPART	2
91	48	91 48	91	48	LOPART	2
91	49	91 49	91	49	LOPART	2
91	50	91 50	91	50	LOPART	2
91	51	91 51	91	51	LOPART	2
91	52	91 52	91	52	LOPART	2
91	53	91 53	91	53	LOPART	2
91	54	91 54	91	54	LOPART	2
91	55	91 55	91	55	LOPART	2
91	56	91 56	91	56	LOPART	2
91	57	91 57	91	57	LOPART	2
91	58	91 58	91	58	LOPART	2
91	59	91 59	91	59	LOPART	2
91	60	91 60	91	60	LOPART	2
91	61	91 61	91	61	LOPART	2
91	62	91 62	91	62	LOPART	2
91	63	91 63	91	63	LOPART	2
91	64	91 64	91	64	LOPART	2
91	65	91 65	91	65	LOPART	2
91	66	91 66	91	66	LOPART	2
91	67	91 67	91	67	LOPART	2
91	68	91 68	91	68	LOPART	2
91	69	91 69	91	69	LOPART	2
91	70	91 70	91	70	LOPART	2
91	71	91 71	91	71	LOPART	2
91	72	91 72	91	72	LOPART	2
91	73	91 73	91	73	LOPART	2
91	74	91 74	91	74	LOPART	2
91	75	91 75	91	75	LOPART	2
91	76	91 76	91	76	LOPART	2
91	77	91 77	91	77	LOPART	2
91	78	91 78	91	78	LOPART	2
91	79	91 79	91	79	LOPART	2
91	90	91 90	91	90	LOPART	2
92	45	92 45	92	45	LOPART	2
92	46	92 46	92	46	LOPART	2
92	47	92 47	92	47	LOPART	2
92	48	92 48	92	48	LOPART	2
92	49	92 49	92	49	LOPART	2
92	50	92 50	92	50	LOPART	2
92	51	92 51	92	51	LOPART	2
92	52	92 52	92	52	LOPART	2
92	53	92 53	92	53	LOPART	2
92	54	92 54	92	54	LOPART	2
92	55	92 55	92	55	LOPART	2
92	56	92 56	92	56	LOPART	2
92	57	92 57	92	57	LOPART	2
92	58	92 58	92	58	LOPART	2
92	59	92 59	92	59	LOPART	2
92	60	92 60	92	60	LOPART	2
92	61	92 61	92	61	LOPART	2
92	62	92 62	92	62	LOPART	2
92	63	92 63	92	63	LOPART	2
92	64	92 64	92	64	LOPART	2
92	65	92 65	92	65	LOPART	2
92	66	92 66	92	66	LOPART	2
92	67	92 67	92	67	LOPART	2
92	68	92 68	92	68	LOPART	2
92	69	92 69	92	69	LOPART	2
92	70	92 70	92	70	LOPART	2
92	71	92 71	92	71	LOPART	2
92	72	92 72	92	72	LOPART	2
92	73	92 73	92	73	LOPART	2
92	74	92 74	92	74	LOPART	2
92	75	92 75	92	75	LOPART	2
92	76	92 76	92	76	LOPART	2
92	77	92 77	92	77	LOPART	2
92	78	92 78	92	78	LOPART	2
92	79	92 79	92	79	LOPART	2
92	90	92 90	92	90	LOPART	2
92	91	92 91	92	91	LOPART	2
93	45	93 45	93	45	LOPART	2
93	46	93 46	93	46	LOPART	2
93	47	93 47	93	47	LOPART	2
93	48	93 48	93	48	LOPART	2
93	49	93 49	93	49	LOPART	2
93	50	93 50	93	50	LOPART	2
93	51	93 51	93	51	LOPART	2
93	52	93 52	93	52	LOPART	2
93	53	93 53	93	53	LOPART	2
93	54	93 54	93	54	LOPART	2
93	55	93 55	93	55	LOPART	2
93	56	93 56	93	56	LOPART	2
93	57	93 57	93	57	LOPART	2
93	58	93 58	93	58	LOPART	2
93	59	93 59	93	59	LOPART	2
93	60	93 60	93	60	LOPART	2
93	61	93 61	93	61	LOPART	2
93	62	93 62	93	62	LOPART	2
93	63	93 63	93	63	LOPART	2
93	64	93 64	93	64	LOPART	2
93	65	93 65	93	65	LOPART	2
93	66	93 66	93	66	LOPART	2
93	67	93 67	93	67	LOPART	2
93	68	93 68	93	68	LOPART	2
93	69	93 69	93	69	LOPART	2
93	70	93 70	93	70	LOPART	2
93	71	93 71	93	71	LOPART	2
93	72	93 72	93	72	LOPART	2
93	73	93 73	93	73	LOPART	2
93	74	93 74	93	74	LOPART	2
93	75	93 75	93	75	LOPART	2
93	76	93 76	93	76	LOPART	2
93	77	93 77	93	77	LOPART	2
93	78	93 78	93	78	LOPART	2
93	79	93 79	93	79	LOPART	2
93	90	93 90	93	90	LOPART	2
93	91	93 91	93	91	LOPART	2
93	92	93 92	93	92	LOPART	2
94	45	94 45	94	45	LOPART	2
94	46	94 46	94	46	LOPART	2
94	47	94 47	94	47	LOPART	2
94	48	94 48	94	48	LOPART	2
94	49	94 49	94	49	LOPART	2
94	50	94 50	94	50	LOPART	2
94	51	94 51	94	51	LOPART	2
94	52	94 52	94	52	LOPART	2
94	53	94 53	94	53	LOPART	2
94	54	94 54	94	54	LOPART	2
94	55	94 55	94	55	LOPART	2
94	56	94 56	94	56	LOPART	2
94	57	94 57	94	57	LOPART	2
94	58	94 58	94	58	LOPART	2
94	59	94 59	94	59	LOPART	2
94	60	94 60	94	60	LOPART	2
94	61	94 61	94	61	LOPART	2
94	62	94 62	94	62	LOPART	2
94	63	94 63	94	63	LOPART	2
94	64	94 64	94	64	LOPART	2
94	65	94 65	94	65	LOPART	2
94	66	94 66	94	66	LOPART	2
94	67	94 67	94	67	LOPART	2
94	68	94 68	94	68	LOPART	2
94	69	94 69	94	69	LOPART	2
94	70	94 70	94	70	LOPART	2
94	71	94 71	94	71	LOPART	2
94	72	94 72	94	72	LOPART	2
94	73	94 73	94	73	LOPART	2
94	74	94 74	94	74	LOPART	2
94	75	94 75	94	75	LOPART	2
94	76	94 76	94	76	LOPART	2
94	77	94 77	94	77	LOPART	2
94	78	94 78	94	78	LOPART	2
94	79	94 79	94	79	LOPART	2
94	90	94 90	94	90	LOPART	2
94	91	94 91	94	91	LOPART	2
94	92	94 92	94	92	LOPART	2
94	93	94 93	94	93	LOPART	2
95	45	95 45	95	45	LOPART	2
95	46	95 46	95	46	LOPART	2
95	47	95 47	95	47	LOPART	2
95	48	95 48	95	48	LOPART	2
95	49	95 49	95	49	LOPART	2
95	50	95 50	95	50	LOPART	2
95	51	95 51	95	51	LOPART	2
95	52	95 52	95	52	LOPART	2
95	53	95 53	95	53	LOPART	2
95	54	95 54	95	54	LOPART	2
95	55	95 55	95	55	LOPART	2
95	56	95 56	95	56	LOPART	2
95	57	95 57	95	57	LOPART	2
95	58	95 58	95	58	LOPART	2
95	59	95 59	95	59	LOPART	2
95	60	95 60	95	60	LOPART	2
95	61	95 61	95	61	LOPART	2
95	62	95 62	95	62	LOPART	2
95	63	95 63	95	63	LOPART	2
95	64	95 64	95	64	LOPART	2
95	65	95 65	95	65	LOPART	2
95	66	95 66	95	66	LOPART	2
95	67	95 67	95	67	LOPART	2
95	68	95 68	95	68	LOPART	2
95	69	95 69	95	69	LOPART	2
95	70	95 70	95	70	LOPART	2
95	71	95 71	95	71	LOPART	2
95	72	95 72	95	72	LOPART	2
95	73	95 73	95	73	LOPART	2
95	74	95 74	95	74	LOPART	2
95	75	95 75	95	75	LOPART	2
95	76	95 76	95	76	LOPART	2
95	77	95 77	95	77	LOPART	2
95	78	95 78	95	78	LOPART	2
95	79	95 79	95	79	LOPART	2
95	90	95 90	95	90	LOPART	2
95	91	95 91	95	91	LOPART	2
95	92	95 92	95	92	LOPART	2
95	93	95 93	95	93	LOPART	2
95	94	95 94	95	94	LOPART	2
96	45	96 45	96	45	LOPART	2
96	46	96 46	96	46	LOPART	2
96	47	96 47	96	47	LOPART	2
96	48	96 48	96	48	LOPART	2
96	49	96 49	96	49	LOPART	2
96	50	96 50	96	50	LOPART	2
96	51	96 51	96	51	LOPART	2
96	52	96 52	96	52	LOPART	2
96	53	96 53	96	53	LOPART	2
96	54	96 54	96	54	LOPART	2
96	55	96 55	96	55	LOPART	2
96	56	96 56	96	56	LOPART	2
96	57	96 57	96	57	LOPART	2
96	58	96 58	96	58	LOPART	2
96	59	96 59	96	59	LOPART	2
96	60	96 60	96	60	LOPART	2
96	61	96 61	96	61	LOPART	2
96	62	96 62	96	62	LOPART	2
96	63	96 63	96	63	LOPART	2
96	64	96 64	96	64	LOPART	2
96	65	96 65	96	65	LOPART	2
96	66	96 66	96	66	LOPART	2
96	67	96 67	96	67	LOPART	2
96	68	96 68	96	68	LOPART	2
96	69	96 69	96	69	LOPART	2
96	70	96 70	96	70	LOPART	2
96	71	96 71	96	71	LOPART	2
96	72	96 72	96	72	LOPART	2
96	73	96 73	96	73	LOPART	2
96	74	96 74	96	74	LOPART	2
96	75	96 75	96	75	LOPART	2
96	76	96 76	96	76	LOPART	2
96	77	96 77	96	77	LOPART	2
96	78	96 78	96	78	LOPART	2
96	79	96 79	96	79	LOPART	2
96	90	96 90	96	90	LOPART	2
96	91	96 91	96	91	LOPART	2
96	92	96 92	96	92	LOPART	2
96	93	96 93	96	93	LOPART	2
96	94	96 94	96	94	LOPART	2
96	95	96 95	96	95	LOPART	2
97	45	97 45	97	45	LOPART	2
97	46	97 46	97	46	LOPART	2
97	47	97 47	97	47	LOPART	2
97	48	97 48	97	48	LOPART	2
97	49	97 49	97	49	LOPART	2
97	50	97 50	97	50	LOPART	2
97	51	97 51	97	51	LOPART	2
97	52	97 52	97	52	LOPART	2
97	53	97 53	97	53	LOPART	2
97	54	97 54	97	54	LOPART	2
97	55	97 55	97	55	LOPART	2
97	56	97 56	97	56	LOPART	2
97	57	97 57	97	57	LOPART	2
97	58	97 58	97	58	LOPART	2
97	59	97 59	97	59	LOPART	2
97	60	97 60	97	60	LOPART	2
97	61	97 61	97	61	LOPART	2
97	62	97 62	97	62	LOPART	2
97	63	97 63	97	63	LOPART	2
97	64	97 64	97	64	LOPART	2
97	65	97 65	97	65	LOPART	2
97	66	97 66	97	66	LOPART	2
97	67	97 67	97	67	LOPART	2
97	68	97 68	97	68	LOPART	2
97	69	97 69	97	69	LOPART	2
97	70	97 70	97	70	LOPART	2
97	71	97 71	97	71	LOPART	2
97	72	97 72	97	72	LOPART	2
97	73	97 73	97	73	LOPART	2
97	74	97 74	97	74	LOPART	2
97	75	97 75	97	75	LOPART	2
97	76	97 76	97	76	LOPART	2
97	77	97 77	97	77	LOPART	2
97	78	97 78	97	78	LOPART	2
97	79	97 79	97	79	LOPART	2
97	90	97 90	97	90	LOPART	2
97	91	97 91	97	91	LOPART	2
97	92	97 92	97	92	LOPART	2
97	93	97 93	97	93	LOPART	2
97	94	97 94	97	94	LOPART	2
97	95	97 95	97	95	LOPART	2
97	96	97 96	97	96	LOPART	2
98	45	98 45	98	45	LOPART	2
98	46	98 46	98	46	LOPART	2
98	47	98 47	98	47	LOPART	2
98	48	98 48	98	48	LOPART	2
98	49	98 49	98	49	LOPART	2
98	50	98 50	98	50	LOPART	2
98	51	98 51	98	51	LOPART	2
98	52	98 52	98	52	LOPART	2
98	53	98 53	98	53	LOPART	2
98	54	98 54	98	54	LOPART	2
98	55	98 55	98	55	LOPART	2
98	56	98 56	98	56	LOPART	2
98	57	98 57	98	57	LOPART	2
98	58	98 58	98	58	LOPART	2
98	59	98 59	98	59	LOPART	2
98	60	98 60	98	60	LOPART	2
98	61	98 61	98	61	LOPART	2
98	62	98 62	98	62	LOPART	2
98	63	98 63	98	63	LOPART	2
98	64	98 64	98	64	LOPART	2
98	65	98 65	98	65	LOPART	2
98	66	98 66	98	66	LOPART	2
98	67	98 67	98	67	LOPART	2
98	68	98 68	98	68	LOPART	2
98	69	98 69	98	69	LOPART	2
98	70	98 70	98	70	LOPART	2
98	71	98 71	98	71	LOPART	2
98	72	98 72	98	72	LOPART	2
98	73	98 73	98	73	LOPART	2
98	74	98 74	98	74	LOPART	2
98	75	98 75	98	75	LOPART	2
98	76	98 76	98	76	LOPART	2
98	77	98 77	98	77	LOPART	2
98	78	98 78	98	78	LOPART	2
98	79	98 79	98	79	LOPART	2
98	90	98 90	98	90	LOPART	2
98	91	98 91	98	91	LOPART	2
98	92	98 92	98	92	LOPART	2
98	93	98 93	98	93	LOPART	2
98	94	98 94	98	94	LOPART	2
98	95	98 95	98	95	LOPART	2
98	96	98 96	98	96	LOPART	2
98	97	98 97	98	97	LOPART	2
99	45	99 45	99	45	LOPART	2
99	46	99 46	99	46	LOPART	2
99	47	99 47	99	47	LOPART	2
99	48	99 48	99	48	LOPART	2
99	49	99 49	99	49	LOPART	2
99	50	99 50	99	50	LOPART	2
99	51	99 51	99	51	LOPART	2
99	52	99 52	99	52	LOPART	2
99	53	99 53	99	53	LOPART	2
99	54	99 54	99	54	LOPART	2
99	55	99 55	99	55	LOPART	2
99	56	99 56	99	56	LOPART	2
99	57	99 57	99	57	LOPART	2
99	58	99 58	99	58	LOPART	2
99	59	99 59	99	59	LOPART	2
99	60	99 60	99	60	LOPART	2
99	61	99 61	99	61	LOPART	2
99	62	99 62	99	62	LOPART	2
99	63	99 63	99	63	LOPART	2
99	64	99 64	99	64	LOPART	2
99	65	99 65	99	65	LOPART	2
99	66	99 66	99	66	LOPART	2
99	67	99 67	99	67	LOPART	2
99	68	99 68	99	68	LOPART	2
99	69	99 69	99	69	LOPART	2
99	70	99 70	99	70	LOPART	2
99	71	99 71	99	71	LOPART	2
99	72	99 72	99	72	LOPART	2
99	73	99 73	99	73	LOPART	2
99	74	99 74	99	74	LOPART	2
99	75	99 75	99	75	LOPART	2
99	76	99 76	99	76	LOPART	2
99	77	99 77	99	77	LOPART	2
99	78	99 78	99	78	LOPART	2
99	79	99 79	99	79	LOPART	2
99	90	99 90	99	90	LOPART	2
99	91	99 91	99	91	LOPART	2
99	92	99 92	99	92	LOPART	2
99	93	99 93	99	93	LOPART	2
99	94	99 94	99	94	LOPART	2
99	95	99 95	99	95	LOPART	2
99	96	99 96	99	96	LOPART	2
99	97	99 97	99	97	LOPART	2
99	98	99 98	99	98	LOPART	2
100	45	100 45	100	45	LOPART	2
100	46	100 46	100	46	LOPART	2
100	47	100 47	100	47	LOPART	2
100	48	100 48	100	48	LOPART	2
100	49	100 49	100	49	LOPART	2
100	50	100 50	100	50	LOPART	2
100	51	100 51	100	51	LOPART	2
100	52	100 52	100	52	LOPART	2
100	53	100 53	100	53	LOPART	2
100	54	100 54	100	54	LOPART	2
100	55	100 55	100	55	LOPART	2
100	56	100 56	100	56	LOPART	2
100	57	100 57	100	57	LOPART	2
100	58	100 58	100	58	LOPART	2
100	59	100 59	100	59	LOPART	2
100	60	100 60	100	60	LOPART	2
100	61	100 61	100	61	LOPART	2
100	62	100 62	100	62	LOPART	2
100	63	100 63	100	63	LOPART	2
100	64	100 64	100	64	LOPART	2
100	65	100 65	100	65	LOPART	2
100	66	100 66	100	66	LOPART	2
100	67	100 67	100	67	LOPART	2
100	68	100 68	100	68	LOPART	2
100	69	100 69	100	69	LOPART	2
100	70	100 70	100	70	LOPART	2
100	71	100 71	100	71	LOPART	2
100	72	100 72	100	72	LOPART	2
100	73	100 73	100	73	LOPART	2
100	74	100 74	100	74	LOPART	2
100	75	100 75	100	75	LOPART	2
100	76	100 76	100	76	LOPART	2
100	77	100 77	100	77	LOPART	2
100	78	100 78	100	78	LOPART	2
100	79	100 79	100	79	LOPART	2
100	90	100 90	100	90	LOPART	2
100	91	100 91	100	91	LOPART	2
100	92	100 92	100	92	LOPART	2
100	93	100 93	100	93	LOPART	2
100	94	100 94	100	94	LOPART	2
100	95	100 95	100	95	LOPART	2
100	96	100 96	100	96	LOPART	2
100	97	100 97	100	97	LOPART	2
100	98	100 98	100	98	LOPART	2
100	99	100 99	100	99	LOPART	2
