size	colour	x	xend	y	yend	key	showSelected2	showSelected4	PANEL
3	#00BFFF	0.5	2.5	9.64396731901088	9.64396731901088	1 2	0	OPART	1
3	#00BFFF	0.5	1.5	9.10308545337502	9.10308545337502	1 1	1	OPART	1
3	#00BFFF	1.5	2.5	10.1848491846467	10.1848491846467	2 2	1	OPART	1
