size	colour	x	xend	y	yend	key	showSelected2	showSelected4	PANEL
1.5	#000000	0.5	1.5	9.10308545337502	9.10308545337502	1 1	0	LOPART	1
