size	colour	x	xend	y	yend	key	showSelected2	showSelected4	PANEL
1.5	#000000	0.5	2.5	9.64396731901088	9.64396731901088	1 2	0	LOPART	1
1.5	#000000	0.5	1.5	9.10308545337502	9.10308545337502	1 1	1	LOPART	1
1.5	#000000	1.5	2.5	10.1848491846467	10.1848491846467	2 2	1	LOPART	1
